<?xml version="1.0" encoding="UTF-8"?>
<sv:node xmlns:sv="http://www.jcp.org/jcr/sv/1.0" xmlns:xsi="http://www.w3.org/2001/XMLSchema-instance" sv:name="jcr:root">
  <sv:property sv:name="jcr:primaryType" sv:type="Name">
    <sv:value>rep:root</sv:value>
  </sv:property>
  <sv:node sv:name="509">
    <sv:property sv:name="jcr:primaryType" sv:type="Name">
      <sv:value>mgnl:folder</sv:value>
    </sv:property>
    <sv:property sv:name="jcr:uuid" sv:type="String">
      <sv:value>4ad11c99-5625-415c-b78f-82737d6c647f</sv:value>
    </sv:property>
    <sv:property sv:name="mgnl:activationStatus" sv:type="Boolean">
      <sv:value>true</sv:value>
    </sv:property>
    <sv:property sv:name="mgnl:created" sv:type="Date">
      <sv:value>2022-09-02T09:06:57.327+02:00</sv:value>
    </sv:property>
    <sv:property sv:name="mgnl:createdBy" sv:type="String">
      <sv:value>superuser</sv:value>
    </sv:property>
    <sv:property sv:name="mgnl:lastActivated" sv:type="Date">
      <sv:value>2022-11-14T15:31:14.132+01:00</sv:value>
    </sv:property>
    <sv:property sv:name="mgnl:lastActivatedBy" sv:type="String">
      <sv:value>superuser</sv:value>
    </sv:property>
    <sv:property sv:name="mgnl:lastModified" sv:type="Date">
      <sv:value>2022-09-19T14:59:16.138+02:00</sv:value>
    </sv:property>
    <sv:property sv:name="mgnl:lastModifiedBy" sv:type="String">
      <sv:value>superuser</sv:value>
    </sv:property>
    <sv:node sv:name="A">
      <sv:property sv:name="jcr:primaryType" sv:type="Name">
        <sv:value>mgnl:document</sv:value>
      </sv:property>
      <sv:property sv:name="jcr:uuid" sv:type="String">
        <sv:value>72f30123-c7b6-4b28-ac19-5c8df59d56c9</sv:value>
      </sv:property>
      <sv:property sv:name="description" sv:type="String">
        <sv:value>Accompanying letter affiliation/mutation</sv:value>
      </sv:property>
      <sv:property sv:name="docId" sv:type="String">
        <sv:value>4729</sv:value>
      </sv:property>
      <sv:property sv:name="insuranceType" sv:type="String">
        <sv:value/>
      </sv:property>
      <sv:property sv:name="mgnl:activationStatus" sv:type="Boolean">
        <sv:value>true</sv:value>
      </sv:property>
      <sv:property sv:name="mgnl:created" sv:type="Date">
        <sv:value>2022-09-02T09:06:57.330+02:00</sv:value>
      </sv:property>
      <sv:property sv:name="mgnl:createdBy" sv:type="String">
        <sv:value>superuser</sv:value>
      </sv:property>
      <sv:property sv:name="mgnl:lastActivated" sv:type="Date">
        <sv:value>2022-11-14T15:31:15.600+01:00</sv:value>
      </sv:property>
      <sv:property sv:name="mgnl:lastActivatedBy" sv:type="String">
        <sv:value>superuser</sv:value>
      </sv:property>
      <sv:property sv:name="mgnl:lastModified" sv:type="Date">
        <sv:value>2022-09-19T14:59:16.138+02:00</sv:value>
      </sv:property>
      <sv:property sv:name="mgnl:lastModifiedBy" sv:type="String">
        <sv:value>superuser</sv:value>
      </sv:property>
      <sv:property sv:name="packId" sv:type="String">
        <sv:value/>
      </sv:property>
      <sv:property sv:name="productCode" sv:type="String">
        <sv:value/>
      </sv:property>
    </sv:node>
    <sv:node sv:name="B">
      <sv:property sv:name="jcr:primaryType" sv:type="Name">
        <sv:value>mgnl:document</sv:value>
      </sv:property>
      <sv:property sv:name="jcr:uuid" sv:type="String">
        <sv:value>f3100fef-5dae-4886-b6a8-309ced16fff2</sv:value>
      </sv:property>
      <sv:property sv:name="description" sv:type="String">
        <sv:value>Accompanying letter upsell/PAC becomes TIT</sv:value>
      </sv:property>
      <sv:property sv:name="docId" sv:type="String">
        <sv:value>4728</sv:value>
      </sv:property>
      <sv:property sv:name="insuranceType" sv:type="String">
        <sv:value/>
      </sv:property>
      <sv:property sv:name="mgnl:activationStatus" sv:type="Boolean">
        <sv:value>true</sv:value>
      </sv:property>
      <sv:property sv:name="mgnl:created" sv:type="Date">
        <sv:value>2022-09-02T09:06:57.333+02:00</sv:value>
      </sv:property>
      <sv:property sv:name="mgnl:createdBy" sv:type="String">
        <sv:value>superuser</sv:value>
      </sv:property>
      <sv:property sv:name="mgnl:lastActivated" sv:type="Date">
        <sv:value>2022-11-14T15:31:15.539+01:00</sv:value>
      </sv:property>
      <sv:property sv:name="mgnl:lastActivatedBy" sv:type="String">
        <sv:value>superuser</sv:value>
      </sv:property>
      <sv:property sv:name="mgnl:lastModified" sv:type="Date">
        <sv:value>2022-09-19T14:59:16.138+02:00</sv:value>
      </sv:property>
      <sv:property sv:name="mgnl:lastModifiedBy" sv:type="String">
        <sv:value>superuser</sv:value>
      </sv:property>
      <sv:property sv:name="packId" sv:type="String">
        <sv:value/>
      </sv:property>
      <sv:property sv:name="productCode" sv:type="String">
        <sv:value/>
      </sv:property>
    </sv:node>
    <sv:node sv:name="1">
      <sv:property sv:name="jcr:primaryType" sv:type="Name">
        <sv:value>mgnl:document</sv:value>
      </sv:property>
      <sv:property sv:name="jcr:uuid" sv:type="String">
        <sv:value>930c7987-1416-4151-ab1e-2406b422826d</sv:value>
      </sv:property>
      <sv:property sv:name="description" sv:type="String">
        <sv:value>AO</sv:value>
      </sv:property>
      <sv:property sv:name="docId" sv:type="String">
        <sv:value/>
      </sv:property>
      <sv:property sv:name="insuranceType" sv:type="String">
        <sv:value>1</sv:value>
      </sv:property>
      <sv:property sv:name="mgnl:activationStatus" sv:type="Boolean">
        <sv:value>true</sv:value>
      </sv:property>
      <sv:property sv:name="mgnl:created" sv:type="Date">
        <sv:value>2022-09-02T09:06:57.337+02:00</sv:value>
      </sv:property>
      <sv:property sv:name="mgnl:createdBy" sv:type="String">
        <sv:value>superuser</sv:value>
      </sv:property>
      <sv:property sv:name="mgnl:lastActivated" sv:type="Date">
        <sv:value>2022-11-14T15:31:15.476+01:00</sv:value>
      </sv:property>
      <sv:property sv:name="mgnl:lastActivatedBy" sv:type="String">
        <sv:value>superuser</sv:value>
      </sv:property>
      <sv:property sv:name="mgnl:lastModified" sv:type="Date">
        <sv:value>2022-09-19T14:59:16.138+02:00</sv:value>
      </sv:property>
      <sv:property sv:name="mgnl:lastModifiedBy" sv:type="String">
        <sv:value>superuser</sv:value>
      </sv:property>
      <sv:property sv:name="packId" sv:type="String">
        <sv:value>267</sv:value>
      </sv:property>
      <sv:property sv:name="productCode" sv:type="String">
        <sv:value>1</sv:value>
      </sv:property>
    </sv:node>
    <sv:node sv:name="2">
      <sv:property sv:name="jcr:primaryType" sv:type="Name">
        <sv:value>mgnl:document</sv:value>
      </sv:property>
      <sv:property sv:name="jcr:uuid" sv:type="String">
        <sv:value>88aafba2-71bb-4347-a370-4f0e8b4fd19f</sv:value>
      </sv:property>
      <sv:property sv:name="description" sv:type="String">
        <sv:value>additional document for MUTATION</sv:value>
      </sv:property>
      <sv:property sv:name="docId" sv:type="String">
        <sv:value/>
      </sv:property>
      <sv:property sv:name="insuranceType" sv:type="String">
        <sv:value>1</sv:value>
      </sv:property>
      <sv:property sv:name="mgnl:activationStatus" sv:type="Boolean">
        <sv:value>true</sv:value>
      </sv:property>
      <sv:property sv:name="mgnl:created" sv:type="Date">
        <sv:value>2022-09-02T09:06:57.341+02:00</sv:value>
      </sv:property>
      <sv:property sv:name="mgnl:createdBy" sv:type="String">
        <sv:value>superuser</sv:value>
      </sv:property>
      <sv:property sv:name="mgnl:lastActivated" sv:type="Date">
        <sv:value>2022-11-14T15:31:15.416+01:00</sv:value>
      </sv:property>
      <sv:property sv:name="mgnl:lastActivatedBy" sv:type="String">
        <sv:value>superuser</sv:value>
      </sv:property>
      <sv:property sv:name="mgnl:lastModified" sv:type="Date">
        <sv:value>2022-09-19T14:59:16.138+02:00</sv:value>
      </sv:property>
      <sv:property sv:name="mgnl:lastModifiedBy" sv:type="String">
        <sv:value>superuser</sv:value>
      </sv:property>
      <sv:property sv:name="packId" sv:type="String">
        <sv:value>273</sv:value>
      </sv:property>
      <sv:property sv:name="productCode" sv:type="String">
        <sv:value>1</sv:value>
      </sv:property>
    </sv:node>
    <sv:node sv:name="3">
      <sv:property sv:name="jcr:primaryType" sv:type="Name">
        <sv:value>mgnl:document</sv:value>
      </sv:property>
      <sv:property sv:name="jcr:uuid" sv:type="String">
        <sv:value>dc3004af-6611-4f53-8e6c-c6639d044ff9</sv:value>
      </sv:property>
      <sv:property sv:name="description" sv:type="String">
        <sv:value>Shortened affiliation (PAC to TIT)</sv:value>
      </sv:property>
      <sv:property sv:name="docId" sv:type="String">
        <sv:value/>
      </sv:property>
      <sv:property sv:name="insuranceType" sv:type="String">
        <sv:value>1</sv:value>
      </sv:property>
      <sv:property sv:name="mgnl:activationStatus" sv:type="Boolean">
        <sv:value>true</sv:value>
      </sv:property>
      <sv:property sv:name="mgnl:created" sv:type="Date">
        <sv:value>2022-09-02T09:06:57.344+02:00</sv:value>
      </sv:property>
      <sv:property sv:name="mgnl:createdBy" sv:type="String">
        <sv:value>superuser</sv:value>
      </sv:property>
      <sv:property sv:name="mgnl:lastActivated" sv:type="Date">
        <sv:value>2022-11-14T15:31:15.349+01:00</sv:value>
      </sv:property>
      <sv:property sv:name="mgnl:lastActivatedBy" sv:type="String">
        <sv:value>superuser</sv:value>
      </sv:property>
      <sv:property sv:name="mgnl:lastModified" sv:type="Date">
        <sv:value>2022-09-19T14:59:16.138+02:00</sv:value>
      </sv:property>
      <sv:property sv:name="mgnl:lastModifiedBy" sv:type="String">
        <sv:value>superuser</sv:value>
      </sv:property>
      <sv:property sv:name="packId" sv:type="String">
        <sv:value/>
      </sv:property>
      <sv:property sv:name="productCode" sv:type="String">
        <sv:value>1</sv:value>
      </sv:property>
    </sv:node>
    <sv:node sv:name="4">
      <sv:property sv:name="jcr:primaryType" sv:type="Name">
        <sv:value>mgnl:document</sv:value>
      </sv:property>
      <sv:property sv:name="jcr:uuid" sv:type="String">
        <sv:value>5aea953c-742d-49c6-9c47-819ba83e748b</sv:value>
      </sv:property>
      <sv:property sv:name="description" sv:type="String">
        <sv:value>Dentalia Plus</sv:value>
      </sv:property>
      <sv:property sv:name="docId" sv:type="String">
        <sv:value>5334</sv:value>
      </sv:property>
      <sv:property sv:name="insuranceType" sv:type="String">
        <sv:value>57</sv:value>
      </sv:property>
      <sv:property sv:name="mgnl:activationStatus" sv:type="Boolean">
        <sv:value>true</sv:value>
      </sv:property>
      <sv:property sv:name="mgnl:created" sv:type="Date">
        <sv:value>2022-09-02T09:06:57.347+02:00</sv:value>
      </sv:property>
      <sv:property sv:name="mgnl:createdBy" sv:type="String">
        <sv:value>superuser</sv:value>
      </sv:property>
      <sv:property sv:name="mgnl:lastActivated" sv:type="Date">
        <sv:value>2022-11-14T15:31:15.286+01:00</sv:value>
      </sv:property>
      <sv:property sv:name="mgnl:lastActivatedBy" sv:type="String">
        <sv:value>superuser</sv:value>
      </sv:property>
      <sv:property sv:name="mgnl:lastModified" sv:type="Date">
        <sv:value>2022-11-14T15:30:16.595+01:00</sv:value>
      </sv:property>
      <sv:property sv:name="mgnl:lastModifiedBy" sv:type="String">
        <sv:value>superuser</sv:value>
      </sv:property>
      <sv:property sv:name="packId" sv:type="String">
        <sv:value>271</sv:value>
      </sv:property>
      <sv:property sv:name="productCode" sv:type="String">
        <sv:value>1</sv:value>
      </sv:property>
    </sv:node>
    <sv:node sv:name="5">
      <sv:property sv:name="jcr:primaryType" sv:type="Name">
        <sv:value>mgnl:document</sv:value>
      </sv:property>
      <sv:property sv:name="jcr:uuid" sv:type="String">
        <sv:value>8ad0a7fd-1fad-4e10-ac93-c7e94148ebc3</sv:value>
      </sv:property>
      <sv:property sv:name="description" sv:type="String">
        <sv:value>H without warranty serious illness</sv:value>
      </sv:property>
      <sv:property sv:name="docId" sv:type="String">
        <sv:value>5334</sv:value>
      </sv:property>
      <sv:property sv:name="insuranceType" sv:type="String">
        <sv:value>27</sv:value>
      </sv:property>
      <sv:property sv:name="mgnl:activationStatus" sv:type="Boolean">
        <sv:value>true</sv:value>
      </sv:property>
      <sv:property sv:name="mgnl:created" sv:type="Date">
        <sv:value>2022-09-02T09:06:57.350+02:00</sv:value>
      </sv:property>
      <sv:property sv:name="mgnl:createdBy" sv:type="String">
        <sv:value>superuser</sv:value>
      </sv:property>
      <sv:property sv:name="mgnl:lastActivated" sv:type="Date">
        <sv:value>2022-11-14T15:31:15.217+01:00</sv:value>
      </sv:property>
      <sv:property sv:name="mgnl:lastActivatedBy" sv:type="String">
        <sv:value>superuser</sv:value>
      </sv:property>
      <sv:property sv:name="mgnl:lastModified" sv:type="Date">
        <sv:value>2022-11-14T15:29:45.890+01:00</sv:value>
      </sv:property>
      <sv:property sv:name="mgnl:lastModifiedBy" sv:type="String">
        <sv:value>superuser</sv:value>
      </sv:property>
      <sv:property sv:name="packId" sv:type="String">
        <sv:value>268</sv:value>
      </sv:property>
      <sv:property sv:name="productCode" sv:type="String">
        <sv:value>71</sv:value>
      </sv:property>
    </sv:node>
    <sv:node sv:name="6">
      <sv:property sv:name="jcr:primaryType" sv:type="Name">
        <sv:value>mgnl:document</sv:value>
      </sv:property>
      <sv:property sv:name="jcr:uuid" sv:type="String">
        <sv:value>ad73a583-c500-49ce-a218-020e82d83398</sv:value>
      </sv:property>
      <sv:property sv:name="description" sv:type="String">
        <sv:value>H with warranty serious illness</sv:value>
      </sv:property>
      <sv:property sv:name="docId" sv:type="String">
        <sv:value>5334</sv:value>
      </sv:property>
      <sv:property sv:name="insuranceType" sv:type="String">
        <sv:value>27</sv:value>
      </sv:property>
      <sv:property sv:name="mgnl:activationStatus" sv:type="Boolean">
        <sv:value>true</sv:value>
      </sv:property>
      <sv:property sv:name="mgnl:created" sv:type="Date">
        <sv:value>2022-09-02T09:06:57.353+02:00</sv:value>
      </sv:property>
      <sv:property sv:name="mgnl:createdBy" sv:type="String">
        <sv:value>superuser</sv:value>
      </sv:property>
      <sv:property sv:name="mgnl:lastActivated" sv:type="Date">
        <sv:value>2022-11-14T15:31:15.138+01:00</sv:value>
      </sv:property>
      <sv:property sv:name="mgnl:lastActivatedBy" sv:type="String">
        <sv:value>superuser</sv:value>
      </sv:property>
      <sv:property sv:name="mgnl:lastModified" sv:type="Date">
        <sv:value>2022-11-14T15:29:51.628+01:00</sv:value>
      </sv:property>
      <sv:property sv:name="mgnl:lastModifiedBy" sv:type="String">
        <sv:value>superuser</sv:value>
      </sv:property>
      <sv:property sv:name="packId" sv:type="String">
        <sv:value>268</sv:value>
      </sv:property>
      <sv:property sv:name="productCode" sv:type="String">
        <sv:value>1</sv:value>
      </sv:property>
    </sv:node>
    <sv:node sv:name="7">
      <sv:property sv:name="jcr:primaryType" sv:type="Name">
        <sv:value>mgnl:document</sv:value>
      </sv:property>
      <sv:property sv:name="jcr:uuid" sv:type="String">
        <sv:value>377e6917-571c-4de3-a0bc-f38c5ab51e9b</sv:value>
      </sv:property>
      <sv:property sv:name="description" sv:type="String">
        <sv:value>H MEDIUM without warranty serious illness</sv:value>
      </sv:property>
      <sv:property sv:name="docId" sv:type="String">
        <sv:value>5334</sv:value>
      </sv:property>
      <sv:property sv:name="insuranceType" sv:type="String">
        <sv:value>27</sv:value>
      </sv:property>
      <sv:property sv:name="mgnl:activationStatus" sv:type="Boolean">
        <sv:value>true</sv:value>
      </sv:property>
      <sv:property sv:name="mgnl:created" sv:type="Date">
        <sv:value>2022-09-02T09:06:57.357+02:00</sv:value>
      </sv:property>
      <sv:property sv:name="mgnl:createdBy" sv:type="String">
        <sv:value>superuser</sv:value>
      </sv:property>
      <sv:property sv:name="mgnl:lastActivated" sv:type="Date">
        <sv:value>2022-11-14T15:31:15.050+01:00</sv:value>
      </sv:property>
      <sv:property sv:name="mgnl:lastActivatedBy" sv:type="String">
        <sv:value>superuser</sv:value>
      </sv:property>
      <sv:property sv:name="mgnl:lastModified" sv:type="Date">
        <sv:value>2022-11-14T15:30:33.610+01:00</sv:value>
      </sv:property>
      <sv:property sv:name="mgnl:lastModifiedBy" sv:type="String">
        <sv:value>superuser</sv:value>
      </sv:property>
      <sv:property sv:name="packId" sv:type="String">
        <sv:value>278</sv:value>
      </sv:property>
      <sv:property sv:name="productCode" sv:type="String">
        <sv:value>72</sv:value>
      </sv:property>
    </sv:node>
    <sv:node sv:name="8">
      <sv:property sv:name="jcr:primaryType" sv:type="Name">
        <sv:value>mgnl:document</sv:value>
      </sv:property>
      <sv:property sv:name="jcr:uuid" sv:type="String">
        <sv:value>ad800bc0-0584-425b-b810-69869194db36</sv:value>
      </sv:property>
      <sv:property sv:name="description" sv:type="String">
        <sv:value>H MEDIUM with warranty serious illness</sv:value>
      </sv:property>
      <sv:property sv:name="docId" sv:type="String">
        <sv:value>5334</sv:value>
      </sv:property>
      <sv:property sv:name="insuranceType" sv:type="String">
        <sv:value>27</sv:value>
      </sv:property>
      <sv:property sv:name="mgnl:activationStatus" sv:type="Boolean">
        <sv:value>true</sv:value>
      </sv:property>
      <sv:property sv:name="mgnl:created" sv:type="Date">
        <sv:value>2022-09-02T09:06:57.364+02:00</sv:value>
      </sv:property>
      <sv:property sv:name="mgnl:createdBy" sv:type="String">
        <sv:value>superuser</sv:value>
      </sv:property>
      <sv:property sv:name="mgnl:lastActivated" sv:type="Date">
        <sv:value>2022-11-14T15:31:14.952+01:00</sv:value>
      </sv:property>
      <sv:property sv:name="mgnl:lastActivatedBy" sv:type="String">
        <sv:value>superuser</sv:value>
      </sv:property>
      <sv:property sv:name="mgnl:lastModified" sv:type="Date">
        <sv:value>2022-11-14T15:30:45.692+01:00</sv:value>
      </sv:property>
      <sv:property sv:name="mgnl:lastModifiedBy" sv:type="String">
        <sv:value>superuser</sv:value>
      </sv:property>
      <sv:property sv:name="packId" sv:type="String">
        <sv:value>278</sv:value>
      </sv:property>
      <sv:property sv:name="productCode" sv:type="String">
        <sv:value>11</sv:value>
      </sv:property>
    </sv:node>
    <sv:node sv:name="9">
      <sv:property sv:name="jcr:primaryType" sv:type="Name">
        <sv:value>mgnl:document</sv:value>
      </sv:property>
      <sv:property sv:name="jcr:uuid" sv:type="String">
        <sv:value>07e8d2d9-41c0-47fb-a935-2623fcba379c</sv:value>
      </sv:property>
      <sv:property sv:name="description" sv:type="String">
        <sv:value>H PLUS without warranty serious illness</sv:value>
      </sv:property>
      <sv:property sv:name="docId" sv:type="String">
        <sv:value>5334</sv:value>
      </sv:property>
      <sv:property sv:name="insuranceType" sv:type="String">
        <sv:value>27</sv:value>
      </sv:property>
      <sv:property sv:name="mgnl:activationStatus" sv:type="Boolean">
        <sv:value>true</sv:value>
      </sv:property>
      <sv:property sv:name="mgnl:created" sv:type="Date">
        <sv:value>2022-09-02T09:06:57.369+02:00</sv:value>
      </sv:property>
      <sv:property sv:name="mgnl:createdBy" sv:type="String">
        <sv:value>superuser</sv:value>
      </sv:property>
      <sv:property sv:name="mgnl:lastActivated" sv:type="Date">
        <sv:value>2022-11-14T15:31:14.869+01:00</sv:value>
      </sv:property>
      <sv:property sv:name="mgnl:lastActivatedBy" sv:type="String">
        <sv:value>superuser</sv:value>
      </sv:property>
      <sv:property sv:name="mgnl:lastModified" sv:type="Date">
        <sv:value>2022-11-14T15:29:58.472+01:00</sv:value>
      </sv:property>
      <sv:property sv:name="mgnl:lastModifiedBy" sv:type="String">
        <sv:value>superuser</sv:value>
      </sv:property>
      <sv:property sv:name="packId" sv:type="String">
        <sv:value>269</sv:value>
      </sv:property>
      <sv:property sv:name="productCode" sv:type="String">
        <sv:value>73</sv:value>
      </sv:property>
    </sv:node>
    <sv:node sv:name="10">
      <sv:property sv:name="jcr:primaryType" sv:type="Name">
        <sv:value>mgnl:document</sv:value>
      </sv:property>
      <sv:property sv:name="jcr:uuid" sv:type="String">
        <sv:value>9c6c65ee-2aa8-4f4a-9202-ff404057f174</sv:value>
      </sv:property>
      <sv:property sv:name="description" sv:type="String">
        <sv:value>H PLUS with warranty serious illness</sv:value>
      </sv:property>
      <sv:property sv:name="docId" sv:type="String">
        <sv:value>5334</sv:value>
      </sv:property>
      <sv:property sv:name="insuranceType" sv:type="String">
        <sv:value>27</sv:value>
      </sv:property>
      <sv:property sv:name="mgnl:activationStatus" sv:type="Boolean">
        <sv:value>true</sv:value>
      </sv:property>
      <sv:property sv:name="mgnl:created" sv:type="Date">
        <sv:value>2022-09-02T09:06:57.385+02:00</sv:value>
      </sv:property>
      <sv:property sv:name="mgnl:createdBy" sv:type="String">
        <sv:value>superuser</sv:value>
      </sv:property>
      <sv:property sv:name="mgnl:lastActivated" sv:type="Date">
        <sv:value>2022-11-14T15:31:14.787+01:00</sv:value>
      </sv:property>
      <sv:property sv:name="mgnl:lastActivatedBy" sv:type="String">
        <sv:value>superuser</sv:value>
      </sv:property>
      <sv:property sv:name="mgnl:lastModified" sv:type="Date">
        <sv:value>2022-11-14T15:30:04.533+01:00</sv:value>
      </sv:property>
      <sv:property sv:name="mgnl:lastModifiedBy" sv:type="String">
        <sv:value>superuser</sv:value>
      </sv:property>
      <sv:property sv:name="packId" sv:type="String">
        <sv:value>269</sv:value>
      </sv:property>
      <sv:property sv:name="productCode" sv:type="String">
        <sv:value>12</sv:value>
      </sv:property>
    </sv:node>
    <sv:node sv:name="11">
      <sv:property sv:name="jcr:primaryType" sv:type="Name">
        <sv:value>mgnl:document</sv:value>
      </sv:property>
      <sv:property sv:name="jcr:uuid" sv:type="String">
        <sv:value>f960153f-79ad-4ed1-b8af-cbd2047efec0</sv:value>
      </sv:property>
      <sv:property sv:name="description" sv:type="String">
        <sv:value>H CONT</sv:value>
      </sv:property>
      <sv:property sv:name="docId" sv:type="String">
        <sv:value>5334</sv:value>
      </sv:property>
      <sv:property sv:name="insuranceType" sv:type="String">
        <sv:value>27</sv:value>
      </sv:property>
      <sv:property sv:name="mgnl:activationStatus" sv:type="Boolean">
        <sv:value>true</sv:value>
      </sv:property>
      <sv:property sv:name="mgnl:created" sv:type="Date">
        <sv:value>2022-09-02T09:06:57.389+02:00</sv:value>
      </sv:property>
      <sv:property sv:name="mgnl:createdBy" sv:type="String">
        <sv:value>superuser</sv:value>
      </sv:property>
      <sv:property sv:name="mgnl:lastActivated" sv:type="Date">
        <sv:value>2022-11-14T15:31:14.520+01:00</sv:value>
      </sv:property>
      <sv:property sv:name="mgnl:lastActivatedBy" sv:type="String">
        <sv:value>superuser</sv:value>
      </sv:property>
      <sv:property sv:name="mgnl:lastModified" sv:type="Date">
        <sv:value>2022-11-14T15:30:11.162+01:00</sv:value>
      </sv:property>
      <sv:property sv:name="mgnl:lastModifiedBy" sv:type="String">
        <sv:value>superuser</sv:value>
      </sv:property>
      <sv:property sv:name="packId" sv:type="String">
        <sv:value>270</sv:value>
      </sv:property>
      <sv:property sv:name="productCode" sv:type="String">
        <sv:value>6</sv:value>
      </sv:property>
    </sv:node>
    <sv:node sv:name="12">
      <sv:property sv:name="jcr:primaryType" sv:type="Name">
        <sv:value>mgnl:document</sv:value>
      </sv:property>
      <sv:property sv:name="jcr:uuid" sv:type="String">
        <sv:value>56e3e5be-d658-4f23-8170-79a11207a5a7</sv:value>
      </sv:property>
      <sv:property sv:name="description" sv:type="String">
        <sv:value>Medical questionnaire</sv:value>
      </sv:property>
      <sv:property sv:name="docId" sv:type="String">
        <sv:value>2513</sv:value>
      </sv:property>
      <sv:property sv:name="insuranceType" sv:type="String">
        <sv:value>27</sv:value>
      </sv:property>
      <sv:property sv:name="mgnl:activationStatus" sv:type="Boolean">
        <sv:value>true</sv:value>
      </sv:property>
      <sv:property sv:name="mgnl:created" sv:type="Date">
        <sv:value>2022-09-02T09:06:57.393+02:00</sv:value>
      </sv:property>
      <sv:property sv:name="mgnl:createdBy" sv:type="String">
        <sv:value>superuser</sv:value>
      </sv:property>
      <sv:property sv:name="mgnl:lastActivated" sv:type="Date">
        <sv:value>2022-11-14T15:31:14.438+01:00</sv:value>
      </sv:property>
      <sv:property sv:name="mgnl:lastActivatedBy" sv:type="String">
        <sv:value>superuser</sv:value>
      </sv:property>
      <sv:property sv:name="mgnl:lastModified" sv:type="Date">
        <sv:value>2022-12-15T09:28:55.209+01:00</sv:value>
      </sv:property>
      <sv:property sv:name="mgnl:lastModifiedBy" sv:type="String">
        <sv:value>superuser</sv:value>
      </sv:property>
      <sv:property sv:name="occurrence" sv:type="String">
        <sv:value>ONE_PER_PERSON</sv:value>
      </sv:property>
    </sv:node>
    <sv:node sv:name="13">
      <sv:property sv:name="jcr:primaryType" sv:type="Name">
        <sv:value>mgnl:document</sv:value>
      </sv:property>
      <sv:property sv:name="jcr:uuid" sv:type="String">
        <sv:value>0923171e-dfde-4dde-828f-fd74ccced24e</sv:value>
      </sv:property>
      <sv:property sv:name="description" sv:type="String">
        <sv:value>Declaration on honor - already insured/reduced waiting period</sv:value>
      </sv:property>
      <sv:property sv:name="docId" sv:type="String">
        <sv:value>3117</sv:value>
      </sv:property>
      <sv:property sv:name="insuranceType" sv:type="String">
        <sv:value/>
      </sv:property>
      <sv:property sv:name="mgnl:activationStatus" sv:type="Boolean">
        <sv:value>true</sv:value>
      </sv:property>
      <sv:property sv:name="mgnl:created" sv:type="Date">
        <sv:value>2022-09-02T09:06:57.397+02:00</sv:value>
      </sv:property>
      <sv:property sv:name="mgnl:createdBy" sv:type="String">
        <sv:value>superuser</sv:value>
      </sv:property>
      <sv:property sv:name="mgnl:lastActivated" sv:type="Date">
        <sv:value>2022-11-14T15:31:14.360+01:00</sv:value>
      </sv:property>
      <sv:property sv:name="mgnl:lastActivatedBy" sv:type="String">
        <sv:value>superuser</sv:value>
      </sv:property>
      <sv:property sv:name="mgnl:lastModified" sv:type="Date">
        <sv:value>2022-09-19T14:59:16.138+02:00</sv:value>
      </sv:property>
      <sv:property sv:name="mgnl:lastModifiedBy" sv:type="String">
        <sv:value>superuser</sv:value>
      </sv:property>
      <sv:property sv:name="packId" sv:type="String">
        <sv:value/>
      </sv:property>
      <sv:property sv:name="productCode" sv:type="String">
        <sv:value/>
      </sv:property>
    </sv:node>
    <sv:node sv:name="15">
      <sv:property sv:name="jcr:primaryType" sv:type="Name">
        <sv:value>mgnl:document</sv:value>
      </sv:property>
      <sv:property sv:name="jcr:uuid" sv:type="String">
        <sv:value>69cb1377-3b0b-4e94-9a69-ddec4c10b735</sv:value>
      </sv:property>
      <sv:property sv:name="description" sv:type="String">
        <sv:value>Desaffiliation (PAC to TIT)</sv:value>
      </sv:property>
      <sv:property sv:name="docId" sv:type="String">
        <sv:value>5335</sv:value>
      </sv:property>
      <sv:property sv:name="mgnl:activationStatus" sv:type="Boolean">
        <sv:value>true</sv:value>
      </sv:property>
      <sv:property sv:name="mgnl:created" sv:type="Date">
        <sv:value>2022-09-02T09:06:57.400+02:00</sv:value>
      </sv:property>
      <sv:property sv:name="mgnl:createdBy" sv:type="String">
        <sv:value>superuser</sv:value>
      </sv:property>
      <sv:property sv:name="mgnl:lastActivated" sv:type="Date">
        <sv:value>2022-11-14T15:31:14.293+01:00</sv:value>
      </sv:property>
      <sv:property sv:name="mgnl:lastActivatedBy" sv:type="String">
        <sv:value>superuser</sv:value>
      </sv:property>
      <sv:property sv:name="mgnl:lastModified" sv:type="Date">
        <sv:value>2022-11-14T15:30:59.376+01:00</sv:value>
      </sv:property>
      <sv:property sv:name="mgnl:lastModifiedBy" sv:type="String">
        <sv:value>superuser</sv:value>
      </sv:property>
    </sv:node>
    <sv:node sv:name="16">
      <sv:property sv:name="jcr:primaryType" sv:type="Name">
        <sv:value>mgnl:document</sv:value>
      </sv:property>
      <sv:property sv:name="jcr:uuid" sv:type="String">
        <sv:value>9bf18438-baac-4bfb-800c-fde699715e7c</sv:value>
      </sv:property>
      <sv:property sv:name="description" sv:type="String">
        <sv:value>SEPA</sv:value>
      </sv:property>
      <sv:property sv:name="docId" sv:type="String">
        <sv:value>5336</sv:value>
      </sv:property>
      <sv:property sv:name="mgnl:activationStatus" sv:type="Boolean">
        <sv:value>true</sv:value>
      </sv:property>
      <sv:property sv:name="mgnl:created" sv:type="Date">
        <sv:value>2022-09-02T09:06:57.404+02:00</sv:value>
      </sv:property>
      <sv:property sv:name="mgnl:createdBy" sv:type="String">
        <sv:value>superuser</sv:value>
      </sv:property>
      <sv:property sv:name="mgnl:lastActivated" sv:type="Date">
        <sv:value>2022-11-14T15:31:14.229+01:00</sv:value>
      </sv:property>
      <sv:property sv:name="mgnl:lastActivatedBy" sv:type="String">
        <sv:value>superuser</sv:value>
      </sv:property>
      <sv:property sv:name="mgnl:lastModified" sv:type="Date">
        <sv:value>2022-11-14T15:31:07.984+01:00</sv:value>
      </sv:property>
      <sv:property sv:name="mgnl:lastModifiedBy" sv:type="String">
        <sv:value>superuser</sv:value>
      </sv:property>
    </sv:node>
  </sv:node>
  <sv:node sv:name="526">
    <sv:property sv:name="jcr:primaryType" sv:type="Name">
      <sv:value>mgnl:folder</sv:value>
    </sv:property>
    <sv:property sv:name="jcr:uuid" sv:type="String">
      <sv:value>7c31ec81-2ee5-4c61-87d9-9ac6a09512d3</sv:value>
    </sv:property>
    <sv:property sv:name="mgnl:created" sv:type="Date">
      <sv:value>2023-01-03T13:35:29.403+01:00</sv:value>
    </sv:property>
    <sv:property sv:name="mgnl:createdBy" sv:type="String">
      <sv:value>superuser</sv:value>
    </sv:property>
    <sv:property sv:name="mgnl:lastModified" sv:type="Date">
      <sv:value>2023-01-03T13:35:29.403+01:00</sv:value>
    </sv:property>
    <sv:property sv:name="mgnl:lastModifiedBy" sv:type="String">
      <sv:value>superuser</sv:value>
    </sv:property>
    <sv:node sv:name="A">
      <sv:property sv:name="jcr:primaryType" sv:type="Name">
        <sv:value>mgnl:document</sv:value>
      </sv:property>
      <sv:property sv:name="jcr:uuid" sv:type="String">
        <sv:value>391988ee-4ec9-4155-ae49-22a5a2ffce91</sv:value>
      </sv:property>
      <sv:property sv:name="description" sv:type="String">
        <sv:value>Accompanying letter affiliation/mutation</sv:value>
      </sv:property>
      <sv:property sv:name="docId" sv:type="String">
        <sv:value>371</sv:value>
      </sv:property>
      <sv:property sv:name="docId_en" sv:type="String">
        <sv:value>375</sv:value>
      </sv:property>
      <sv:property sv:name="docId_fr" sv:type="String">
        <sv:value>373</sv:value>
      </sv:property>
      <sv:property sv:name="insuranceType" sv:type="String">
        <sv:value/>
      </sv:property>
      <sv:property sv:name="mgnl:created" sv:type="Date">
        <sv:value>2023-01-03T13:35:29.408+01:00</sv:value>
      </sv:property>
      <sv:property sv:name="mgnl:createdBy" sv:type="String">
        <sv:value>superuser</sv:value>
      </sv:property>
      <sv:property sv:name="mgnl:lastModified" sv:type="Date">
        <sv:value>2023-01-03T13:35:29.408+01:00</sv:value>
      </sv:property>
      <sv:property sv:name="mgnl:lastModifiedBy" sv:type="String">
        <sv:value>superuser</sv:value>
      </sv:property>
      <sv:property sv:name="productCode" sv:type="String">
        <sv:value/>
      </sv:property>
    </sv:node>
    <sv:node sv:name="B">
      <sv:property sv:name="jcr:primaryType" sv:type="Name">
        <sv:value>mgnl:document</sv:value>
      </sv:property>
      <sv:property sv:name="jcr:uuid" sv:type="String">
        <sv:value>44c700b9-704f-4e17-a5f5-cea97f93dd37</sv:value>
      </sv:property>
      <sv:property sv:name="description" sv:type="String">
        <sv:value>Accompanying letter upsell/PAC becomes TIT</sv:value>
      </sv:property>
      <sv:property sv:name="docId" sv:type="String">
        <sv:value>370</sv:value>
      </sv:property>
      <sv:property sv:name="docId_en" sv:type="String">
        <sv:value>374</sv:value>
      </sv:property>
      <sv:property sv:name="docId_fr" sv:type="String">
        <sv:value>372</sv:value>
      </sv:property>
      <sv:property sv:name="insuranceType" sv:type="String">
        <sv:value/>
      </sv:property>
      <sv:property sv:name="mgnl:created" sv:type="Date">
        <sv:value>2023-01-03T13:35:29.414+01:00</sv:value>
      </sv:property>
      <sv:property sv:name="mgnl:createdBy" sv:type="String">
        <sv:value>superuser</sv:value>
      </sv:property>
      <sv:property sv:name="mgnl:lastModified" sv:type="Date">
        <sv:value>2023-01-03T13:35:29.414+01:00</sv:value>
      </sv:property>
      <sv:property sv:name="mgnl:lastModifiedBy" sv:type="String">
        <sv:value>superuser</sv:value>
      </sv:property>
      <sv:property sv:name="productCode" sv:type="String">
        <sv:value/>
      </sv:property>
    </sv:node>
    <sv:node sv:name="1">
      <sv:property sv:name="jcr:primaryType" sv:type="Name">
        <sv:value>mgnl:document</sv:value>
      </sv:property>
      <sv:property sv:name="jcr:uuid" sv:type="String">
        <sv:value>7683b1d9-09b1-42e8-87da-1e7fe0ecfecf</sv:value>
      </sv:property>
      <sv:property sv:name="description" sv:type="String">
        <sv:value>AO</sv:value>
      </sv:property>
      <sv:property sv:name="docId" sv:type="String">
        <sv:value>642</sv:value>
      </sv:property>
      <sv:property sv:name="docId_en" sv:type="String">
        <sv:value>644</sv:value>
      </sv:property>
      <sv:property sv:name="docId_fr" sv:type="String">
        <sv:value>643</sv:value>
      </sv:property>
      <sv:property sv:name="insuranceType" sv:type="String">
        <sv:value>1</sv:value>
      </sv:property>
      <sv:property sv:name="mgnl:created" sv:type="Date">
        <sv:value>2023-01-03T13:35:29.419+01:00</sv:value>
      </sv:property>
      <sv:property sv:name="mgnl:createdBy" sv:type="String">
        <sv:value>superuser</sv:value>
      </sv:property>
      <sv:property sv:name="mgnl:lastModified" sv:type="Date">
        <sv:value>2023-01-03T13:35:29.419+01:00</sv:value>
      </sv:property>
      <sv:property sv:name="mgnl:lastModifiedBy" sv:type="String">
        <sv:value>superuser</sv:value>
      </sv:property>
      <sv:property sv:name="productCode" sv:type="String">
        <sv:value>1</sv:value>
      </sv:property>
    </sv:node>
    <sv:node sv:name="2">
      <sv:property sv:name="jcr:primaryType" sv:type="Name">
        <sv:value>mgnl:document</sv:value>
      </sv:property>
      <sv:property sv:name="jcr:uuid" sv:type="String">
        <sv:value>20eb1138-ea2e-4a42-b94f-673c1af9a761</sv:value>
      </sv:property>
      <sv:property sv:name="description" sv:type="String">
        <sv:value>additional document for MUTATION</sv:value>
      </sv:property>
      <sv:property sv:name="docId" sv:type="String">
        <sv:value>647</sv:value>
      </sv:property>
      <sv:property sv:name="docId_en" sv:type="String">
        <sv:value>646</sv:value>
      </sv:property>
      <sv:property sv:name="docId_fr" sv:type="String">
        <sv:value>645</sv:value>
      </sv:property>
      <sv:property sv:name="insuranceType" sv:type="String">
        <sv:value>1</sv:value>
      </sv:property>
      <sv:property sv:name="mgnl:created" sv:type="Date">
        <sv:value>2023-01-03T13:35:29.423+01:00</sv:value>
      </sv:property>
      <sv:property sv:name="mgnl:createdBy" sv:type="String">
        <sv:value>superuser</sv:value>
      </sv:property>
      <sv:property sv:name="mgnl:lastModified" sv:type="Date">
        <sv:value>2023-01-03T13:35:29.423+01:00</sv:value>
      </sv:property>
      <sv:property sv:name="mgnl:lastModifiedBy" sv:type="String">
        <sv:value>superuser</sv:value>
      </sv:property>
      <sv:property sv:name="productCode" sv:type="String">
        <sv:value>1</sv:value>
      </sv:property>
    </sv:node>
    <sv:node sv:name="3">
      <sv:property sv:name="jcr:primaryType" sv:type="Name">
        <sv:value>mgnl:document</sv:value>
      </sv:property>
      <sv:property sv:name="jcr:uuid" sv:type="String">
        <sv:value>0bdf2fd0-747e-4b7a-9c70-405e694984b4</sv:value>
      </sv:property>
      <sv:property sv:name="description" sv:type="String">
        <sv:value>Shortened affiliation (PAC to TIT)</sv:value>
      </sv:property>
      <sv:property sv:name="docId" sv:type="String">
        <sv:value>3183</sv:value>
      </sv:property>
      <sv:property sv:name="docId_en" sv:type="String">
        <sv:value>3185</sv:value>
      </sv:property>
      <sv:property sv:name="docId_fr" sv:type="String">
        <sv:value>3184</sv:value>
      </sv:property>
      <sv:property sv:name="insuranceType" sv:type="String">
        <sv:value>1</sv:value>
      </sv:property>
      <sv:property sv:name="mgnl:created" sv:type="Date">
        <sv:value>2023-01-03T13:35:29.426+01:00</sv:value>
      </sv:property>
      <sv:property sv:name="mgnl:createdBy" sv:type="String">
        <sv:value>superuser</sv:value>
      </sv:property>
      <sv:property sv:name="mgnl:lastModified" sv:type="Date">
        <sv:value>2023-01-03T13:35:29.426+01:00</sv:value>
      </sv:property>
      <sv:property sv:name="mgnl:lastModifiedBy" sv:type="String">
        <sv:value>superuser</sv:value>
      </sv:property>
      <sv:property sv:name="productCode" sv:type="String">
        <sv:value>1</sv:value>
      </sv:property>
    </sv:node>
    <sv:node sv:name="4">
      <sv:property sv:name="jcr:primaryType" sv:type="Name">
        <sv:value>mgnl:document</sv:value>
      </sv:property>
      <sv:property sv:name="jcr:uuid" sv:type="String">
        <sv:value>d8d00441-7fa1-421b-8d98-4923f815a889</sv:value>
      </sv:property>
      <sv:property sv:name="description" sv:type="String">
        <sv:value>Dentalia Plus</sv:value>
      </sv:property>
      <sv:property sv:name="docId" sv:type="String">
        <sv:value>639</sv:value>
      </sv:property>
      <sv:property sv:name="docId_en" sv:type="String">
        <sv:value>641</sv:value>
      </sv:property>
      <sv:property sv:name="docId_fr" sv:type="String">
        <sv:value>640</sv:value>
      </sv:property>
      <sv:property sv:name="insuranceType" sv:type="String">
        <sv:value>57</sv:value>
      </sv:property>
      <sv:property sv:name="mgnl:created" sv:type="Date">
        <sv:value>2023-01-03T13:35:29.430+01:00</sv:value>
      </sv:property>
      <sv:property sv:name="mgnl:createdBy" sv:type="String">
        <sv:value>superuser</sv:value>
      </sv:property>
      <sv:property sv:name="mgnl:lastModified" sv:type="Date">
        <sv:value>2023-01-03T13:35:29.430+01:00</sv:value>
      </sv:property>
      <sv:property sv:name="mgnl:lastModifiedBy" sv:type="String">
        <sv:value>superuser</sv:value>
      </sv:property>
      <sv:property sv:name="productCode" sv:type="String">
        <sv:value>1</sv:value>
      </sv:property>
    </sv:node>
    <sv:node sv:name="5">
      <sv:property sv:name="jcr:primaryType" sv:type="Name">
        <sv:value>mgnl:document</sv:value>
      </sv:property>
      <sv:property sv:name="jcr:uuid" sv:type="String">
        <sv:value>2ed83967-dadc-4dd8-b353-d0cb784eedc7</sv:value>
      </sv:property>
      <sv:property sv:name="description" sv:type="String">
        <sv:value>H without warranty serious illness</sv:value>
      </sv:property>
      <sv:property sv:name="docId" sv:type="String">
        <sv:value>639</sv:value>
      </sv:property>
      <sv:property sv:name="docId_en" sv:type="String">
        <sv:value>641</sv:value>
      </sv:property>
      <sv:property sv:name="docId_fr" sv:type="String">
        <sv:value>640</sv:value>
      </sv:property>
      <sv:property sv:name="insuranceType" sv:type="String">
        <sv:value>27</sv:value>
      </sv:property>
      <sv:property sv:name="mgnl:created" sv:type="Date">
        <sv:value>2023-01-03T13:35:29.433+01:00</sv:value>
      </sv:property>
      <sv:property sv:name="mgnl:createdBy" sv:type="String">
        <sv:value>superuser</sv:value>
      </sv:property>
      <sv:property sv:name="mgnl:lastModified" sv:type="Date">
        <sv:value>2023-01-03T13:35:29.433+01:00</sv:value>
      </sv:property>
      <sv:property sv:name="mgnl:lastModifiedBy" sv:type="String">
        <sv:value>superuser</sv:value>
      </sv:property>
      <sv:property sv:name="productCode" sv:type="String">
        <sv:value>71</sv:value>
      </sv:property>
    </sv:node>
    <sv:node sv:name="6">
      <sv:property sv:name="jcr:primaryType" sv:type="Name">
        <sv:value>mgnl:document</sv:value>
      </sv:property>
      <sv:property sv:name="jcr:uuid" sv:type="String">
        <sv:value>a1770696-57ee-4350-b56b-05b49fbbd3e3</sv:value>
      </sv:property>
      <sv:property sv:name="description" sv:type="String">
        <sv:value>H with warranty serious illness</sv:value>
      </sv:property>
      <sv:property sv:name="docId" sv:type="String">
        <sv:value>639</sv:value>
      </sv:property>
      <sv:property sv:name="docId_en" sv:type="String">
        <sv:value>641</sv:value>
      </sv:property>
      <sv:property sv:name="docId_fr" sv:type="String">
        <sv:value>640</sv:value>
      </sv:property>
      <sv:property sv:name="insuranceType" sv:type="String">
        <sv:value>27</sv:value>
      </sv:property>
      <sv:property sv:name="mgnl:created" sv:type="Date">
        <sv:value>2023-01-03T13:35:29.437+01:00</sv:value>
      </sv:property>
      <sv:property sv:name="mgnl:createdBy" sv:type="String">
        <sv:value>superuser</sv:value>
      </sv:property>
      <sv:property sv:name="mgnl:lastModified" sv:type="Date">
        <sv:value>2023-01-03T13:35:29.437+01:00</sv:value>
      </sv:property>
      <sv:property sv:name="mgnl:lastModifiedBy" sv:type="String">
        <sv:value>superuser</sv:value>
      </sv:property>
      <sv:property sv:name="productCode" sv:type="String">
        <sv:value>1</sv:value>
      </sv:property>
    </sv:node>
    <sv:node sv:name="7">
      <sv:property sv:name="jcr:primaryType" sv:type="Name">
        <sv:value>mgnl:document</sv:value>
      </sv:property>
      <sv:property sv:name="jcr:uuid" sv:type="String">
        <sv:value>6af4f81c-f4a0-46b0-b3a7-5090532377ac</sv:value>
      </sv:property>
      <sv:property sv:name="description" sv:type="String">
        <sv:value>H MEDIUM without warranty serious illness</sv:value>
      </sv:property>
      <sv:property sv:name="docId" sv:type="String">
        <sv:value>639</sv:value>
      </sv:property>
      <sv:property sv:name="docId_en" sv:type="String">
        <sv:value>641</sv:value>
      </sv:property>
      <sv:property sv:name="docId_fr" sv:type="String">
        <sv:value>640</sv:value>
      </sv:property>
      <sv:property sv:name="insuranceType" sv:type="String">
        <sv:value>27</sv:value>
      </sv:property>
      <sv:property sv:name="mgnl:created" sv:type="Date">
        <sv:value>2023-01-03T13:35:29.471+01:00</sv:value>
      </sv:property>
      <sv:property sv:name="mgnl:createdBy" sv:type="String">
        <sv:value>superuser</sv:value>
      </sv:property>
      <sv:property sv:name="mgnl:lastModified" sv:type="Date">
        <sv:value>2023-01-03T13:35:29.471+01:00</sv:value>
      </sv:property>
      <sv:property sv:name="mgnl:lastModifiedBy" sv:type="String">
        <sv:value>superuser</sv:value>
      </sv:property>
      <sv:property sv:name="productCode" sv:type="String">
        <sv:value>72</sv:value>
      </sv:property>
    </sv:node>
    <sv:node sv:name="8">
      <sv:property sv:name="jcr:primaryType" sv:type="Name">
        <sv:value>mgnl:document</sv:value>
      </sv:property>
      <sv:property sv:name="jcr:uuid" sv:type="String">
        <sv:value>dace6acd-9783-4ead-b426-28a416b09782</sv:value>
      </sv:property>
      <sv:property sv:name="description" sv:type="String">
        <sv:value>H MEDIUM with warranty serious illness</sv:value>
      </sv:property>
      <sv:property sv:name="docId" sv:type="String">
        <sv:value>639</sv:value>
      </sv:property>
      <sv:property sv:name="docId_en" sv:type="String">
        <sv:value>641</sv:value>
      </sv:property>
      <sv:property sv:name="docId_fr" sv:type="String">
        <sv:value>640</sv:value>
      </sv:property>
      <sv:property sv:name="insuranceType" sv:type="String">
        <sv:value>27</sv:value>
      </sv:property>
      <sv:property sv:name="mgnl:created" sv:type="Date">
        <sv:value>2023-01-03T13:35:29.476+01:00</sv:value>
      </sv:property>
      <sv:property sv:name="mgnl:createdBy" sv:type="String">
        <sv:value>superuser</sv:value>
      </sv:property>
      <sv:property sv:name="mgnl:lastModified" sv:type="Date">
        <sv:value>2023-01-03T13:35:29.476+01:00</sv:value>
      </sv:property>
      <sv:property sv:name="mgnl:lastModifiedBy" sv:type="String">
        <sv:value>superuser</sv:value>
      </sv:property>
      <sv:property sv:name="productCode" sv:type="String">
        <sv:value>11</sv:value>
      </sv:property>
    </sv:node>
    <sv:node sv:name="9">
      <sv:property sv:name="jcr:primaryType" sv:type="Name">
        <sv:value>mgnl:document</sv:value>
      </sv:property>
      <sv:property sv:name="jcr:uuid" sv:type="String">
        <sv:value>92b6da70-55e4-4ea1-a622-1fe9d9ad1adf</sv:value>
      </sv:property>
      <sv:property sv:name="description" sv:type="String">
        <sv:value>H PLUS without warranty serious illness</sv:value>
      </sv:property>
      <sv:property sv:name="docId" sv:type="String">
        <sv:value>639</sv:value>
      </sv:property>
      <sv:property sv:name="docId_en" sv:type="String">
        <sv:value>641</sv:value>
      </sv:property>
      <sv:property sv:name="docId_fr" sv:type="String">
        <sv:value>640</sv:value>
      </sv:property>
      <sv:property sv:name="insuranceType" sv:type="String">
        <sv:value>27</sv:value>
      </sv:property>
      <sv:property sv:name="mgnl:created" sv:type="Date">
        <sv:value>2023-01-03T13:35:29.480+01:00</sv:value>
      </sv:property>
      <sv:property sv:name="mgnl:createdBy" sv:type="String">
        <sv:value>superuser</sv:value>
      </sv:property>
      <sv:property sv:name="mgnl:lastModified" sv:type="Date">
        <sv:value>2023-01-03T13:35:29.480+01:00</sv:value>
      </sv:property>
      <sv:property sv:name="mgnl:lastModifiedBy" sv:type="String">
        <sv:value>superuser</sv:value>
      </sv:property>
      <sv:property sv:name="productCode" sv:type="String">
        <sv:value>73</sv:value>
      </sv:property>
    </sv:node>
    <sv:node sv:name="10">
      <sv:property sv:name="jcr:primaryType" sv:type="Name">
        <sv:value>mgnl:document</sv:value>
      </sv:property>
      <sv:property sv:name="jcr:uuid" sv:type="String">
        <sv:value>0db63b9c-0bd7-401e-91ab-d4e9b2095153</sv:value>
      </sv:property>
      <sv:property sv:name="description" sv:type="String">
        <sv:value>H PLUS with warranty serious illness</sv:value>
      </sv:property>
      <sv:property sv:name="docId" sv:type="String">
        <sv:value>639</sv:value>
      </sv:property>
      <sv:property sv:name="docId_en" sv:type="String">
        <sv:value>641</sv:value>
      </sv:property>
      <sv:property sv:name="docId_fr" sv:type="String">
        <sv:value>640</sv:value>
      </sv:property>
      <sv:property sv:name="insuranceType" sv:type="String">
        <sv:value>27</sv:value>
      </sv:property>
      <sv:property sv:name="mgnl:created" sv:type="Date">
        <sv:value>2023-01-03T13:35:29.485+01:00</sv:value>
      </sv:property>
      <sv:property sv:name="mgnl:createdBy" sv:type="String">
        <sv:value>superuser</sv:value>
      </sv:property>
      <sv:property sv:name="mgnl:lastModified" sv:type="Date">
        <sv:value>2023-01-03T13:35:29.485+01:00</sv:value>
      </sv:property>
      <sv:property sv:name="mgnl:lastModifiedBy" sv:type="String">
        <sv:value>superuser</sv:value>
      </sv:property>
      <sv:property sv:name="productCode" sv:type="String">
        <sv:value>12</sv:value>
      </sv:property>
    </sv:node>
    <sv:node sv:name="11">
      <sv:property sv:name="jcr:primaryType" sv:type="Name">
        <sv:value>mgnl:document</sv:value>
      </sv:property>
      <sv:property sv:name="jcr:uuid" sv:type="String">
        <sv:value>11debba0-31a2-49b3-aa5c-2f5a92b5609e</sv:value>
      </sv:property>
      <sv:property sv:name="description" sv:type="String">
        <sv:value>H CONT</sv:value>
      </sv:property>
      <sv:property sv:name="docId" sv:type="String">
        <sv:value>639</sv:value>
      </sv:property>
      <sv:property sv:name="docId_en" sv:type="String">
        <sv:value>641</sv:value>
      </sv:property>
      <sv:property sv:name="docId_fr" sv:type="String">
        <sv:value>640</sv:value>
      </sv:property>
      <sv:property sv:name="insuranceType" sv:type="String">
        <sv:value>27</sv:value>
      </sv:property>
      <sv:property sv:name="mgnl:created" sv:type="Date">
        <sv:value>2023-01-03T13:35:29.489+01:00</sv:value>
      </sv:property>
      <sv:property sv:name="mgnl:createdBy" sv:type="String">
        <sv:value>superuser</sv:value>
      </sv:property>
      <sv:property sv:name="mgnl:lastModified" sv:type="Date">
        <sv:value>2023-01-03T13:35:29.489+01:00</sv:value>
      </sv:property>
      <sv:property sv:name="mgnl:lastModifiedBy" sv:type="String">
        <sv:value>superuser</sv:value>
      </sv:property>
      <sv:property sv:name="productCode" sv:type="String">
        <sv:value>6</sv:value>
      </sv:property>
    </sv:node>
    <sv:node sv:name="12">
      <sv:property sv:name="jcr:primaryType" sv:type="Name">
        <sv:value>mgnl:document</sv:value>
      </sv:property>
      <sv:property sv:name="jcr:uuid" sv:type="String">
        <sv:value>57680e56-3fa2-4ee2-952b-1a63b3cb8e33</sv:value>
      </sv:property>
      <sv:property sv:name="description" sv:type="String">
        <sv:value>Medical questionnaire</sv:value>
      </sv:property>
      <sv:property sv:name="docId" sv:type="String">
        <sv:value>80</sv:value>
      </sv:property>
      <sv:property sv:name="docId_en" sv:type="String">
        <sv:value>317</sv:value>
      </sv:property>
      <sv:property sv:name="docId_fr" sv:type="String">
        <sv:value>82</sv:value>
      </sv:property>
      <sv:property sv:name="insuranceType" sv:type="String">
        <sv:value>27</sv:value>
      </sv:property>
      <sv:property sv:name="mgnl:created" sv:type="Date">
        <sv:value>2023-01-03T13:35:29.493+01:00</sv:value>
      </sv:property>
      <sv:property sv:name="mgnl:createdBy" sv:type="String">
        <sv:value>superuser</sv:value>
      </sv:property>
      <sv:property sv:name="mgnl:lastModified" sv:type="Date">
        <sv:value>2023-01-03T13:35:29.493+01:00</sv:value>
      </sv:property>
      <sv:property sv:name="mgnl:lastModifiedBy" sv:type="String">
        <sv:value>superuser</sv:value>
      </sv:property>
      <sv:property sv:name="productCode" sv:type="String">
        <sv:value/>
      </sv:property>
    </sv:node>
    <sv:node sv:name="13">
      <sv:property sv:name="jcr:primaryType" sv:type="Name">
        <sv:value>mgnl:document</sv:value>
      </sv:property>
      <sv:property sv:name="jcr:uuid" sv:type="String">
        <sv:value>7ac668a7-1ddb-4d54-a863-ad711895a329</sv:value>
      </sv:property>
      <sv:property sv:name="description" sv:type="String">
        <sv:value>Declaration on honor - already insured/reduced waiting period</sv:value>
      </sv:property>
      <sv:property sv:name="docId" sv:type="String">
        <sv:value>508</sv:value>
      </sv:property>
      <sv:property sv:name="docId_en" sv:type="String">
        <sv:value>510</sv:value>
      </sv:property>
      <sv:property sv:name="docId_fr" sv:type="String">
        <sv:value>509</sv:value>
      </sv:property>
      <sv:property sv:name="insuranceType" sv:type="String">
        <sv:value/>
      </sv:property>
      <sv:property sv:name="mgnl:created" sv:type="Date">
        <sv:value>2023-01-03T13:35:29.496+01:00</sv:value>
      </sv:property>
      <sv:property sv:name="mgnl:createdBy" sv:type="String">
        <sv:value>superuser</sv:value>
      </sv:property>
      <sv:property sv:name="mgnl:lastModified" sv:type="Date">
        <sv:value>2023-01-03T13:35:29.496+01:00</sv:value>
      </sv:property>
      <sv:property sv:name="mgnl:lastModifiedBy" sv:type="String">
        <sv:value>superuser</sv:value>
      </sv:property>
      <sv:property sv:name="productCode" sv:type="String">
        <sv:value/>
      </sv:property>
    </sv:node>
    <sv:node sv:name="14">
      <sv:property sv:name="jcr:primaryType" sv:type="Name">
        <sv:value>mgnl:document</sv:value>
      </sv:property>
      <sv:property sv:name="jcr:uuid" sv:type="String">
        <sv:value>d4ce9b06-cc44-4aa1-8603-caa44efb549b</sv:value>
      </sv:property>
      <sv:property sv:name="description" sv:type="String">
        <sv:value>Declaration on honor - group insurance</sv:value>
      </sv:property>
      <sv:property sv:name="docId" sv:type="String">
        <sv:value>3242</sv:value>
      </sv:property>
      <sv:property sv:name="docId_en" sv:type="String">
        <sv:value>361</sv:value>
      </sv:property>
      <sv:property sv:name="docId_fr" sv:type="String">
        <sv:value>209</sv:value>
      </sv:property>
      <sv:property sv:name="insuranceType" sv:type="String">
        <sv:value>27</sv:value>
      </sv:property>
      <sv:property sv:name="mgnl:created" sv:type="Date">
        <sv:value>2023-01-03T13:35:29.499+01:00</sv:value>
      </sv:property>
      <sv:property sv:name="mgnl:createdBy" sv:type="String">
        <sv:value>superuser</sv:value>
      </sv:property>
      <sv:property sv:name="mgnl:lastModified" sv:type="Date">
        <sv:value>2023-01-03T13:35:29.499+01:00</sv:value>
      </sv:property>
      <sv:property sv:name="mgnl:lastModifiedBy" sv:type="String">
        <sv:value>superuser</sv:value>
      </sv:property>
      <sv:property sv:name="productCode" sv:type="String">
        <sv:value/>
      </sv:property>
    </sv:node>
    <sv:node sv:name="15">
      <sv:property sv:name="jcr:primaryType" sv:type="Name">
        <sv:value>mgnl:document</sv:value>
      </sv:property>
      <sv:property sv:name="jcr:uuid" sv:type="String">
        <sv:value>123ba728-b757-4e91-a709-8bbb8b06877d</sv:value>
      </sv:property>
      <sv:property sv:name="description" sv:type="String">
        <sv:value>Desaffiliation (PAC to TIT)</sv:value>
      </sv:property>
      <sv:property sv:name="docId" sv:type="String">
        <sv:value>3186</sv:value>
      </sv:property>
      <sv:property sv:name="docId_en" sv:type="String">
        <sv:value>3193</sv:value>
      </sv:property>
      <sv:property sv:name="docId_fr" sv:type="String">
        <sv:value>3187</sv:value>
      </sv:property>
      <sv:property sv:name="insuranceType" sv:type="String">
        <sv:value/>
      </sv:property>
      <sv:property sv:name="mgnl:created" sv:type="Date">
        <sv:value>2023-01-03T13:35:29.502+01:00</sv:value>
      </sv:property>
      <sv:property sv:name="mgnl:createdBy" sv:type="String">
        <sv:value>superuser</sv:value>
      </sv:property>
      <sv:property sv:name="mgnl:lastModified" sv:type="Date">
        <sv:value>2023-01-03T13:35:29.502+01:00</sv:value>
      </sv:property>
      <sv:property sv:name="mgnl:lastModifiedBy" sv:type="String">
        <sv:value>superuser</sv:value>
      </sv:property>
      <sv:property sv:name="productCode" sv:type="String">
        <sv:value/>
      </sv:property>
    </sv:node>
    <sv:node sv:name="16">
      <sv:property sv:name="jcr:primaryType" sv:type="Name">
        <sv:value>mgnl:document</sv:value>
      </sv:property>
      <sv:property sv:name="jcr:uuid" sv:type="String">
        <sv:value>10563a07-bee4-4f7f-ac24-6d183d0f15c2</sv:value>
      </sv:property>
      <sv:property sv:name="description" sv:type="String">
        <sv:value>SEPA</sv:value>
      </sv:property>
      <sv:property sv:name="docId" sv:type="String">
        <sv:value>648</sv:value>
      </sv:property>
      <sv:property sv:name="docId_en" sv:type="String">
        <sv:value>650</sv:value>
      </sv:property>
      <sv:property sv:name="docId_fr" sv:type="String">
        <sv:value>649</sv:value>
      </sv:property>
      <sv:property sv:name="insuranceType" sv:type="String">
        <sv:value/>
      </sv:property>
      <sv:property sv:name="mgnl:created" sv:type="Date">
        <sv:value>2023-01-03T13:35:29.506+01:00</sv:value>
      </sv:property>
      <sv:property sv:name="mgnl:createdBy" sv:type="String">
        <sv:value>superuser</sv:value>
      </sv:property>
      <sv:property sv:name="mgnl:lastModified" sv:type="Date">
        <sv:value>2023-01-03T13:35:29.506+01:00</sv:value>
      </sv:property>
      <sv:property sv:name="mgnl:lastModifiedBy" sv:type="String">
        <sv:value>superuser</sv:value>
      </sv:property>
      <sv:property sv:name="productCode" sv:type="String">
        <sv:value/>
      </sv:property>
    </sv:node>
  </sv:node>
</sv:node>
