<?xml version="1.0" encoding="UTF-8"?>
<sv:node xmlns:sv="http://www.jcp.org/jcr/sv/1.0" xmlns:xsi="http://www.w3.org/2001/XMLSchema-instance" sv:name="jcr:root">
  <sv:property sv:name="jcr:primaryType" sv:type="Name">
    <sv:value>rep:root</sv:value>
  </sv:property>
  <sv:node sv:name="IBM">
    <sv:property sv:name="jcr:primaryType" sv:type="Name">
      <sv:value>mgnl:folder</sv:value>
    </sv:property>
    <sv:property sv:name="jcr:uuid" sv:type="String">
      <sv:value>f9eb6265-07ff-44a1-a643-86e6c0d8b733</sv:value>
    </sv:property>
    <sv:property sv:name="mgnl:activationStatus" sv:type="Boolean">
      <sv:value>true</sv:value>
    </sv:property>
    <sv:property sv:name="mgnl:comment" sv:type="String">
      <sv:value/>
    </sv:property>
    <sv:property sv:name="mgnl:created" sv:type="Date">
      <sv:value>2014-10-05T15:31:27.650+02:00</sv:value>
    </sv:property>
    <sv:property sv:name="mgnl:createdBy" sv:type="String">
      <sv:value>superuser</sv:value>
    </sv:property>
    <sv:property sv:name="mgnl:lastActivated" sv:type="Date">
      <sv:value>2014-10-07T13:29:34.472+02:00</sv:value>
    </sv:property>
    <sv:property sv:name="mgnl:lastActivatedBy" sv:type="String">
      <sv:value>superuser</sv:value>
    </sv:property>
    <sv:property sv:name="mgnl:lastModified" sv:type="Date">
      <sv:value>2014-10-07T09:51:24.596+02:00</sv:value>
    </sv:property>
    <sv:property sv:name="mgnl:lastModifiedBy" sv:type="String">
      <sv:value>superuser</sv:value>
    </sv:property>
    <sv:node sv:name="Setup">
      <sv:property sv:name="jcr:primaryType" sv:type="Name">
        <sv:value>mgnl:marketing-tag</sv:value>
      </sv:property>
      <sv:property sv:name="jcr:uuid" sv:type="String">
        <sv:value>c9e81915-35a3-4b5f-bbc0-6abb41641dc6</sv:value>
      </sv:property>
      <sv:property sv:name="activeAuthor" sv:type="Boolean">
        <sv:value>false</sv:value>
      </sv:property>
      <sv:property sv:name="content" sv:type="String">
        <sv:value>&lt;script type="text/javascript" src="http://libs.coremetrics.com/eluminate.js"&gt;&lt;/script&gt;
&lt;script type="text/javascript"&gt;
  cmSetClientID("99999999",true,"data.coremetrics.com","${sitefn.site(content).domains?first.name}");
&lt;/script&gt;

</sv:value>
      </sv:property>
      <sv:property sv:name="dashboardUrl" sv:type="String">
        <sv:value>http://welcome.coremetrics.com</sv:value>
      </sv:property>
      <sv:property sv:name="mgnl:activationStatus" sv:type="Boolean">
        <sv:value>true</sv:value>
      </sv:property>
      <sv:property sv:name="mgnl:comment" sv:type="String">
        <sv:value/>
      </sv:property>
      <sv:property sv:name="mgnl:created" sv:type="Date">
        <sv:value>2014-10-07T00:46:22.764+02:00</sv:value>
      </sv:property>
      <sv:property sv:name="mgnl:createdBy" sv:type="String">
        <sv:value>superuser</sv:value>
      </sv:property>
      <sv:property sv:name="mgnl:lastActivated" sv:type="Date">
        <sv:value>2014-10-07T13:29:37.618+02:00</sv:value>
      </sv:property>
      <sv:property sv:name="mgnl:lastActivatedBy" sv:type="String">
        <sv:value>superuser</sv:value>
      </sv:property>
      <sv:property sv:name="mgnl:lastModified" sv:type="Date">
        <sv:value>2015-03-13T16:18:13.950+01:00</sv:value>
      </sv:property>
      <sv:property sv:name="mgnl:lastModifiedBy" sv:type="String">
        <sv:value>superuser</sv:value>
      </sv:property>
      <sv:property sv:name="mgnl:template" sv:type="String">
        <sv:value>standard-templating-kit:components/footer/stkFooterAbout</sv:value>
      </sv:property>
      <sv:property sv:name="name" sv:type="String">
        <sv:value>Setup</sv:value>
      </sv:property>
      <sv:property sv:name="placeToPut" sv:type="String">
        <sv:value>headerScripts</sv:value>
      </sv:property>
      <sv:node sv:name="pageLink">
        <sv:property sv:name="jcr:primaryType" sv:type="Name">
          <sv:value>mgnl:contentNode</sv:value>
        </sv:property>
        <sv:property sv:name="jcr:uuid" sv:type="String">
          <sv:value>3103512c-2c94-4eb6-8fca-d8d31694be68</sv:value>
        </sv:property>
        <sv:property sv:name="mgnl:activationStatus" sv:type="Boolean">
          <sv:value>true</sv:value>
        </sv:property>
        <sv:property sv:name="mgnl:created" sv:type="Date">
          <sv:value>2014-10-07T00:46:22.765+02:00</sv:value>
        </sv:property>
        <sv:property sv:name="mgnl:createdBy" sv:type="String">
          <sv:value>superuser</sv:value>
        </sv:property>
        <sv:property sv:name="mgnl:lastActivated" sv:type="Date">
          <sv:value>2014-10-07T13:29:37.619+02:00</sv:value>
        </sv:property>
        <sv:property sv:name="mgnl:lastActivatedBy" sv:type="String">
          <sv:value>superuser</sv:value>
        </sv:property>
        <sv:property sv:name="mgnl:lastModified" sv:type="Date">
          <sv:value>2014-10-07T00:46:22.765+02:00</sv:value>
        </sv:property>
        <sv:property sv:name="mgnl:lastModifiedBy" sv:type="String">
          <sv:value>superuser</sv:value>
        </sv:property>
      </sv:node>
    </sv:node>
    <sv:node sv:name="PageView">
      <sv:property sv:name="jcr:primaryType" sv:type="Name">
        <sv:value>mgnl:marketing-tag</sv:value>
      </sv:property>
      <sv:property sv:name="jcr:uuid" sv:type="String">
        <sv:value>e1e1f628-c0e3-4644-a337-84ca63eedd81</sv:value>
      </sv:property>
      <sv:property sv:name="activeAuthor" sv:type="Boolean">
        <sv:value>false</sv:value>
      </sv:property>
      <sv:property sv:name="content" sv:type="String">
        <sv:value>&lt;script type="text/javascript"&gt;
  cmCreatePageviewTag("${cmsfn.page(content).@id}", "${cmsfn.metaData(cmsfn.page(content), "mgnl:template")}")
&lt;/script&gt;
</sv:value>
      </sv:property>
      <sv:property sv:name="mgnl:activationStatus" sv:type="Boolean">
        <sv:value>true</sv:value>
      </sv:property>
      <sv:property sv:name="mgnl:comment" sv:type="String">
        <sv:value/>
      </sv:property>
      <sv:property sv:name="mgnl:created" sv:type="Date">
        <sv:value>2014-10-05T15:41:15.161+02:00</sv:value>
      </sv:property>
      <sv:property sv:name="mgnl:createdBy" sv:type="String">
        <sv:value>superuser</sv:value>
      </sv:property>
      <sv:property sv:name="mgnl:lastActivated" sv:type="Date">
        <sv:value>2014-10-07T13:29:39.782+02:00</sv:value>
      </sv:property>
      <sv:property sv:name="mgnl:lastActivatedBy" sv:type="String">
        <sv:value>superuser</sv:value>
      </sv:property>
      <sv:property sv:name="mgnl:lastModified" sv:type="Date">
        <sv:value>2015-03-13T16:18:22.613+01:00</sv:value>
      </sv:property>
      <sv:property sv:name="mgnl:lastModifiedBy" sv:type="String">
        <sv:value>superuser</sv:value>
      </sv:property>
      <sv:property sv:name="name" sv:type="String">
        <sv:value>PageView</sv:value>
      </sv:property>
      <sv:property sv:name="placeToPut" sv:type="String">
        <sv:value>bodyEndScripts</sv:value>
      </sv:property>
      <sv:node sv:name="pageLink">
        <sv:property sv:name="jcr:primaryType" sv:type="Name">
          <sv:value>mgnl:contentNode</sv:value>
        </sv:property>
        <sv:property sv:name="jcr:uuid" sv:type="String">
          <sv:value>346c51f0-141a-41db-8e6e-290f49ce76e3</sv:value>
        </sv:property>
        <sv:property sv:name="mgnl:activationStatus" sv:type="Boolean">
          <sv:value>true</sv:value>
        </sv:property>
        <sv:property sv:name="mgnl:created" sv:type="Date">
          <sv:value>2014-10-05T15:41:15.162+02:00</sv:value>
        </sv:property>
        <sv:property sv:name="mgnl:createdBy" sv:type="String">
          <sv:value>superuser</sv:value>
        </sv:property>
        <sv:property sv:name="mgnl:lastActivated" sv:type="Date">
          <sv:value>2014-10-07T13:29:39.782+02:00</sv:value>
        </sv:property>
        <sv:property sv:name="mgnl:lastActivatedBy" sv:type="String">
          <sv:value>superuser</sv:value>
        </sv:property>
        <sv:property sv:name="mgnl:lastModified" sv:type="Date">
          <sv:value>2014-10-05T15:41:15.162+02:00</sv:value>
        </sv:property>
        <sv:property sv:name="mgnl:lastModifiedBy" sv:type="String">
          <sv:value>superuser</sv:value>
        </sv:property>
      </sv:node>
    </sv:node>
    <sv:node sv:name="Registration">
      <sv:property sv:name="jcr:primaryType" sv:type="Name">
        <sv:value>mgnl:marketing-tag</sv:value>
      </sv:property>
      <sv:property sv:name="jcr:uuid" sv:type="String">
        <sv:value>402cbae4-679e-4771-b120-66e1a5d1e03a</sv:value>
      </sv:property>
      <sv:property sv:name="activeAuthor" sv:type="Boolean">
        <sv:value>false</sv:value>
      </sv:property>
      <sv:property sv:name="content" sv:type="String">
        <sv:value>[#if ctx.parameters.username?has_content]
&lt;script type="text/javascript"&gt;
  cmCreateRegistrationTag("${ctx.parameters.username}", "${ctx.parameters.email}");
&lt;/script&gt;
[/#if]</sv:value>
      </sv:property>
      <sv:property sv:name="mgnl:activationStatus" sv:type="Boolean">
        <sv:value>true</sv:value>
      </sv:property>
      <sv:property sv:name="mgnl:comment" sv:type="String">
        <sv:value/>
      </sv:property>
      <sv:property sv:name="mgnl:created" sv:type="Date">
        <sv:value>2014-10-05T15:44:37.046+02:00</sv:value>
      </sv:property>
      <sv:property sv:name="mgnl:createdBy" sv:type="String">
        <sv:value>superuser</sv:value>
      </sv:property>
      <sv:property sv:name="mgnl:lastActivated" sv:type="Date">
        <sv:value>2014-10-07T13:29:42.034+02:00</sv:value>
      </sv:property>
      <sv:property sv:name="mgnl:lastActivatedBy" sv:type="String">
        <sv:value>superuser</sv:value>
      </sv:property>
      <sv:property sv:name="mgnl:lastModified" sv:type="Date">
        <sv:value>2015-03-13T16:18:31.230+01:00</sv:value>
      </sv:property>
      <sv:property sv:name="mgnl:lastModifiedBy" sv:type="String">
        <sv:value>superuser</sv:value>
      </sv:property>
      <sv:property sv:name="mgnl:template" sv:type="String">
        <sv:value>standard-templating-kit:components/pur/stkPURRegistrationForm</sv:value>
      </sv:property>
      <sv:property sv:name="name" sv:type="String">
        <sv:value>Registration</sv:value>
      </sv:property>
      <sv:property sv:name="placeToPut" sv:type="String">
        <sv:value>bodyEndScripts</sv:value>
      </sv:property>
      <sv:property sv:name="template" sv:type="String">
        <sv:value>standard-templating-kit:pages/stkPublicUserRegistration</sv:value>
      </sv:property>
      <sv:node sv:name="pageLink">
        <sv:property sv:name="jcr:primaryType" sv:type="Name">
          <sv:value>mgnl:contentNode</sv:value>
        </sv:property>
        <sv:property sv:name="jcr:uuid" sv:type="String">
          <sv:value>2d18c852-4682-4432-bfba-a9ff2283c08f</sv:value>
        </sv:property>
        <sv:property sv:name="mgnl:activationStatus" sv:type="Boolean">
          <sv:value>true</sv:value>
        </sv:property>
        <sv:property sv:name="mgnl:created" sv:type="Date">
          <sv:value>2014-10-05T18:16:15.970+02:00</sv:value>
        </sv:property>
        <sv:property sv:name="mgnl:createdBy" sv:type="String">
          <sv:value>superuser</sv:value>
        </sv:property>
        <sv:property sv:name="mgnl:lastActivated" sv:type="Date">
          <sv:value>2014-10-07T13:29:42.035+02:00</sv:value>
        </sv:property>
        <sv:property sv:name="mgnl:lastActivatedBy" sv:type="String">
          <sv:value>superuser</sv:value>
        </sv:property>
        <sv:property sv:name="mgnl:lastModified" sv:type="Date">
          <sv:value>2014-10-05T18:16:15.970+02:00</sv:value>
        </sv:property>
        <sv:property sv:name="mgnl:lastModifiedBy" sv:type="String">
          <sv:value>superuser</sv:value>
        </sv:property>
      </sv:node>
    </sv:node>
    <sv:node sv:name="ConversionTag">
      <sv:property sv:name="jcr:primaryType" sv:type="Name">
        <sv:value>mgnl:marketing-tag</sv:value>
      </sv:property>
      <sv:property sv:name="jcr:uuid" sv:type="String">
        <sv:value>ee1d8285-1022-433c-9f50-68b0b4b5c35f</sv:value>
      </sv:property>
      <sv:property sv:name="activeAuthor" sv:type="Boolean">
        <sv:value>false</sv:value>
      </sv:property>
      <sv:property sv:name="content" sv:type="String">
        <sv:value>&lt;script type="text/javascript"&gt;
  [#assign formState = ctx.parameters.mgnlFormToken!]
  cmCreateConversionEventTag("${cmsfn.page(content).title}", "[#if formToken?has_content]2[#else]1[/#if]");
&lt;/script&gt;
</sv:value>
      </sv:property>
      <sv:property sv:name="mgnl:activationStatus" sv:type="Boolean">
        <sv:value>true</sv:value>
      </sv:property>
      <sv:property sv:name="mgnl:comment" sv:type="String">
        <sv:value/>
      </sv:property>
      <sv:property sv:name="mgnl:created" sv:type="Date">
        <sv:value>2014-10-07T09:48:22.295+02:00</sv:value>
      </sv:property>
      <sv:property sv:name="mgnl:createdBy" sv:type="String">
        <sv:value>superuser</sv:value>
      </sv:property>
      <sv:property sv:name="mgnl:lastActivated" sv:type="Date">
        <sv:value>2014-10-07T13:29:44.532+02:00</sv:value>
      </sv:property>
      <sv:property sv:name="mgnl:lastActivatedBy" sv:type="String">
        <sv:value>superuser</sv:value>
      </sv:property>
      <sv:property sv:name="mgnl:lastModified" sv:type="Date">
        <sv:value>2015-03-13T16:18:39.650+01:00</sv:value>
      </sv:property>
      <sv:property sv:name="mgnl:lastModifiedBy" sv:type="String">
        <sv:value>superuser</sv:value>
      </sv:property>
      <sv:property sv:name="name" sv:type="String">
        <sv:value>ConversionTag</sv:value>
      </sv:property>
      <sv:property sv:name="placeToPut" sv:type="String">
        <sv:value>bodyEndScripts</sv:value>
      </sv:property>
      <sv:property sv:name="template" sv:type="String">
        <sv:value>standard-templating-kit:pages/stkForm</sv:value>
      </sv:property>
      <sv:node sv:name="pageLink">
        <sv:property sv:name="jcr:primaryType" sv:type="Name">
          <sv:value>mgnl:contentNode</sv:value>
        </sv:property>
        <sv:property sv:name="jcr:uuid" sv:type="String">
          <sv:value>bed96d49-70c7-4c18-95d0-f95866b83bd2</sv:value>
        </sv:property>
        <sv:property sv:name="mgnl:activationStatus" sv:type="Boolean">
          <sv:value>true</sv:value>
        </sv:property>
        <sv:property sv:name="mgnl:created" sv:type="Date">
          <sv:value>2014-10-07T09:51:03.611+02:00</sv:value>
        </sv:property>
        <sv:property sv:name="mgnl:createdBy" sv:type="String">
          <sv:value>superuser</sv:value>
        </sv:property>
        <sv:property sv:name="mgnl:lastActivated" sv:type="Date">
          <sv:value>2014-10-07T13:29:44.532+02:00</sv:value>
        </sv:property>
        <sv:property sv:name="mgnl:lastActivatedBy" sv:type="String">
          <sv:value>superuser</sv:value>
        </sv:property>
        <sv:property sv:name="mgnl:lastModified" sv:type="Date">
          <sv:value>2014-10-07T09:57:11.043+02:00</sv:value>
        </sv:property>
        <sv:property sv:name="mgnl:lastModifiedBy" sv:type="String">
          <sv:value>superuser</sv:value>
        </sv:property>
        <sv:node sv:name="0">
          <sv:property sv:name="jcr:primaryType" sv:type="Name">
            <sv:value>mgnl:contentNode</sv:value>
          </sv:property>
          <sv:property sv:name="jcr:uuid" sv:type="String">
            <sv:value>178b559c-24c1-48af-bd1e-03826b4d1202</sv:value>
          </sv:property>
          <sv:property sv:name="insertInSubPages" sv:type="Boolean">
            <sv:value>false</sv:value>
          </sv:property>
          <sv:property sv:name="mgnl:activationStatus" sv:type="Boolean">
            <sv:value>true</sv:value>
          </sv:property>
          <sv:property sv:name="mgnl:created" sv:type="Date">
            <sv:value>2014-10-07T09:51:03.612+02:00</sv:value>
          </sv:property>
          <sv:property sv:name="mgnl:createdBy" sv:type="String">
            <sv:value>superuser</sv:value>
          </sv:property>
          <sv:property sv:name="mgnl:lastActivated" sv:type="Date">
            <sv:value>2014-10-07T13:29:44.533+02:00</sv:value>
          </sv:property>
          <sv:property sv:name="mgnl:lastActivatedBy" sv:type="String">
            <sv:value>superuser</sv:value>
          </sv:property>
          <sv:property sv:name="mgnl:lastModified" sv:type="Date">
            <sv:value>2015-03-13T16:18:39.650+01:00</sv:value>
          </sv:property>
          <sv:property sv:name="mgnl:lastModifiedBy" sv:type="String">
            <sv:value>superuser</sv:value>
          </sv:property>
          <sv:property sv:name="path" sv:type="String">
            <sv:value>/</sv:value>
          </sv:property>
        </sv:node>
      </sv:node>
    </sv:node>
  </sv:node>
  <sv:node sv:name="Eloqua">
    <sv:property sv:name="jcr:primaryType" sv:type="Name">
      <sv:value>mgnl:marketing-tag</sv:value>
    </sv:property>
    <sv:property sv:name="jcr:uuid" sv:type="String">
      <sv:value>a60a324c-779a-4df6-b7fa-858677d61292</sv:value>
    </sv:property>
    <sv:property sv:name="activeAuthor" sv:type="Boolean">
      <sv:value>false</sv:value>
    </sv:property>
    <sv:property sv:name="content" sv:type="String">
      <sv:value>&lt;script type="text/javascript"&gt;
    var _elqQ = _elqQ || [];
    _elqQ.push(['elqSetSiteId', '1115040224']);
    _elqQ.push(['elqTrackPageView']);
    
    (function () {
        function async_load() {
            var s = document.createElement('script'); s.type = 'text/javascript'; s.async = true;
            s.src = '//img.en25.com/i/elqCfg.min.js';
            var x = document.getElementsByTagName('script')[0]; x.parentNode.insertBefore(s, x);
        }
        if (window.addEventListener) window.addEventListener('DOMContentLoaded', async_load, false);
        else if (window.attachEvent) window.attachEvent('onload', async_load); 
    })();
&lt;/script&gt;</sv:value>
    </sv:property>
    <sv:property sv:name="dashboardUrl" sv:type="String">
      <sv:value>http://login.eloqua.com</sv:value>
    </sv:property>
    <sv:property sv:name="mgnl:created" sv:type="Date">
      <sv:value>2014-08-05T23:51:22.255+02:00</sv:value>
    </sv:property>
    <sv:property sv:name="mgnl:createdBy" sv:type="String">
      <sv:value>superuser</sv:value>
    </sv:property>
    <sv:property sv:name="mgnl:lastModified" sv:type="Date">
      <sv:value>2015-03-13T16:17:39.761+01:00</sv:value>
    </sv:property>
    <sv:property sv:name="mgnl:lastModifiedBy" sv:type="String">
      <sv:value>superuser</sv:value>
    </sv:property>
    <sv:property sv:name="name" sv:type="String">
      <sv:value>Eloqua</sv:value>
    </sv:property>
    <sv:property sv:name="placeToPut" sv:type="String">
      <sv:value>headerScripts</sv:value>
    </sv:property>
    <sv:node sv:name="pageLink">
      <sv:property sv:name="jcr:primaryType" sv:type="Name">
        <sv:value>mgnl:contentNode</sv:value>
      </sv:property>
      <sv:property sv:name="jcr:uuid" sv:type="String">
        <sv:value>784efa79-6992-4f83-bedc-769a1506f902</sv:value>
      </sv:property>
      <sv:property sv:name="mgnl:created" sv:type="Date">
        <sv:value>2014-08-05T23:51:22.256+02:00</sv:value>
      </sv:property>
      <sv:property sv:name="mgnl:createdBy" sv:type="String">
        <sv:value>superuser</sv:value>
      </sv:property>
      <sv:property sv:name="mgnl:lastModified" sv:type="Date">
        <sv:value>2014-08-05T23:51:22.256+02:00</sv:value>
      </sv:property>
      <sv:property sv:name="mgnl:lastModifiedBy" sv:type="String">
        <sv:value>superuser</sv:value>
      </sv:property>
    </sv:node>
  </sv:node>
  <sv:node sv:name="Clicky">
    <sv:property sv:name="jcr:primaryType" sv:type="Name">
      <sv:value>mgnl:marketing-tag</sv:value>
    </sv:property>
    <sv:property sv:name="jcr:uuid" sv:type="String">
      <sv:value>fd1b9ead-06fa-4f1d-ac01-a33e7388e380</sv:value>
    </sv:property>
    <sv:property sv:name="activeAuthor" sv:type="Boolean">
      <sv:value>false</sv:value>
    </sv:property>
    <sv:property sv:name="content" sv:type="String">
      <sv:value>&lt;a title="Real Time Web Analytics" href="http://clicky.com/10"&gt;&lt;img alt="Real Time Web Analytics" src="http://static.getclicky.com/media/links/badge.gif" border="0" /&gt;&lt;/a&gt;
&lt;script src="http://static.getclicky.com/js" type="text/javascript"&gt;&lt;/script&gt;
&lt;script type="text/javascript"&gt;try{clicky.init(10); }catch(e){}&lt;/script&gt;
&lt;noscript&gt;&lt;p&gt;&lt;img alt="Clicky" width="1" height="1" src="http://in.getclicky.com/10ns.gif" /&gt;&lt;/p&gt;&lt;/noscript&gt;</sv:value>
    </sv:property>
    <sv:property sv:name="dashboardUrl" sv:type="String">
      <sv:value>http://clicky.com/stats/?site_id=32020</sv:value>
    </sv:property>
    <sv:property sv:name="mgnl:created" sv:type="Date">
      <sv:value>2014-08-06T00:07:34.724+02:00</sv:value>
    </sv:property>
    <sv:property sv:name="mgnl:createdBy" sv:type="String">
      <sv:value>superuser</sv:value>
    </sv:property>
    <sv:property sv:name="mgnl:lastModified" sv:type="Date">
      <sv:value>2015-03-13T16:17:54.328+01:00</sv:value>
    </sv:property>
    <sv:property sv:name="mgnl:lastModifiedBy" sv:type="String">
      <sv:value>superuser</sv:value>
    </sv:property>
    <sv:property sv:name="name" sv:type="String">
      <sv:value>Clicky</sv:value>
    </sv:property>
    <sv:property sv:name="placeToPut" sv:type="String">
      <sv:value>bodyEndScripts</sv:value>
    </sv:property>
    <sv:node sv:name="pageLink">
      <sv:property sv:name="jcr:primaryType" sv:type="Name">
        <sv:value>mgnl:contentNode</sv:value>
      </sv:property>
      <sv:property sv:name="jcr:uuid" sv:type="String">
        <sv:value>8a24c1ad-ad43-4f30-a158-891b484d316e</sv:value>
      </sv:property>
      <sv:property sv:name="mgnl:created" sv:type="Date">
        <sv:value>2014-08-06T00:08:20.325+02:00</sv:value>
      </sv:property>
      <sv:property sv:name="mgnl:createdBy" sv:type="String">
        <sv:value>superuser</sv:value>
      </sv:property>
      <sv:property sv:name="mgnl:lastModified" sv:type="Date">
        <sv:value>2014-08-06T00:08:20.325+02:00</sv:value>
      </sv:property>
      <sv:property sv:name="mgnl:lastModifiedBy" sv:type="String">
        <sv:value>superuser</sv:value>
      </sv:property>
    </sv:node>
  </sv:node>
  <sv:node sv:name="Steelhouse">
    <sv:property sv:name="jcr:primaryType" sv:type="Name">
      <sv:value>mgnl:marketing-tag</sv:value>
    </sv:property>
    <sv:property sv:name="jcr:uuid" sv:type="String">
      <sv:value>b588bc91-129f-4e2f-9c46-571e06ff37b5</sv:value>
    </sv:property>
    <sv:property sv:name="activeAuthor" sv:type="Boolean">
      <sv:value>false</sv:value>
    </sv:property>
    <sv:property sv:name="content" sv:type="String">
      <sv:value>&lt;script type="text/javascript"&gt;
function shaddslashes(e){"use strict";if(e!=undefined){e=e.replace(/%/g,"%25%32%35");e=e.replace(/\\/g,"%5C");e=e.replace(/\'/g,"%27");e=e.replace(/\"/g,"%22");e=e.replace(/\?/g,"%25%33%46");e=e.replace(/&amp;/g,"%25%32%36");e=e.replace(/\+/g,"%25%32%42")}return e}(function(){"use strict";var e=null,t="3.4.0",
n="10145",
r=shaddslashes(""),
i=shaddslashes(""),
s=shaddslashes(""),
o="",
u="",
a="",
f="",
l="",
c="",
h="",
p="",
d="",
v="",
shadditional="",
m,g,y;try{m=top.document.referer!==""?encodeURIComponent(top.document.referrer.substring(0,256)):""}catch(w){m=document.referrer!==null?encodeURIComponent(document.referrer.toString().substring(0,256)):""}try{g=window&amp;&amp;window.top&amp;&amp;document.location&amp;&amp;window.top.location===document.location?document.location:window&amp;&amp;window.top&amp;&amp;window.top.location&amp;&amp;""!==window.top.location?window.top.location:document.location}catch(E){g=document.location}try{y=parent.location.href!==""?encodeURIComponent(parent.location.href.toString().substring(0,256)):""}catch(S){try{y=g!==null?encodeURIComponent(g.toString().substring(0,256)):""}catch(x){y=""}}a=encodeURIComponent(a);e={add:function(e,t,n,r){r=r||false;if(e.addEventListener){e.addEventListener(t,n,r)}else if(e.attachEvent){e.attachEvent("on"+t,n)}},load:function(){var e,g=document.createElement("script"),w=null,E=document.getElementsByTagName("script"),S=Number(E.length)-1,x=document.getElementsByTagName("script")[S];if(typeof e==="undefined"){e=Math.floor(Math.random()*1e17)}w="px.steelhousemedia.com/st?"+"shver="+t+"&amp;shaid="+n+"&amp;shpn="+r+"&amp;shpc="+i+"&amp;shpb="+s+"&amp;shpp="+o+"&amp;shpcur="+u+"&amp;shpi="+a+"&amp;shps="+f+"&amp;shpic="+l+"&amp;shpau="+c+"&amp;shcv="+h+"&amp;shcq="+p+"&amp;shcp="+d+"&amp;shcpq="+v+"&amp;tdr="+m+"&amp;plh="+y+"&amp;cb="+e+shadditional;g.type="text/javascript";g.src=("https:"===document.location.protocol?"https://":"http://")+w;x.parentNode.insertBefore(g,x)}};e.load()})()
&lt;/script&gt;</sv:value>
    </sv:property>
    <sv:property sv:name="dashboardUrl" sv:type="String">
      <sv:value>http://ui.steelhouse.com</sv:value>
    </sv:property>
    <sv:property sv:name="mgnl:created" sv:type="Date">
      <sv:value>2014-08-06T00:13:39.433+02:00</sv:value>
    </sv:property>
    <sv:property sv:name="mgnl:createdBy" sv:type="String">
      <sv:value>superuser</sv:value>
    </sv:property>
    <sv:property sv:name="mgnl:lastModified" sv:type="Date">
      <sv:value>2015-03-13T16:18:04.756+01:00</sv:value>
    </sv:property>
    <sv:property sv:name="mgnl:lastModifiedBy" sv:type="String">
      <sv:value>superuser</sv:value>
    </sv:property>
    <sv:property sv:name="name" sv:type="String">
      <sv:value>Steelhouse</sv:value>
    </sv:property>
    <sv:property sv:name="placeToPut" sv:type="String">
      <sv:value>bodyEndScripts</sv:value>
    </sv:property>
    <sv:node sv:name="pageLink">
      <sv:property sv:name="jcr:primaryType" sv:type="Name">
        <sv:value>mgnl:contentNode</sv:value>
      </sv:property>
      <sv:property sv:name="jcr:uuid" sv:type="String">
        <sv:value>6e795e88-b41a-4f2c-9922-33ba7c71dd8f</sv:value>
      </sv:property>
      <sv:property sv:name="mgnl:created" sv:type="Date">
        <sv:value>2014-08-06T00:13:39.434+02:00</sv:value>
      </sv:property>
      <sv:property sv:name="mgnl:createdBy" sv:type="String">
        <sv:value>superuser</sv:value>
      </sv:property>
      <sv:property sv:name="mgnl:lastModified" sv:type="Date">
        <sv:value>2014-08-06T00:13:39.434+02:00</sv:value>
      </sv:property>
      <sv:property sv:name="mgnl:lastModifiedBy" sv:type="String">
        <sv:value>superuser</sv:value>
      </sv:property>
    </sv:node>
  </sv:node>
</sv:node>
