<?xml version="1.0" encoding="UTF-8"?>
<sv:node xmlns:sv="http://www.jcp.org/jcr/sv/1.0" xmlns:xsi="http://www.w3.org/2001/XMLSchema-instance" sv:name="jcr:root">
  <sv:property sv:name="jcr:primaryType" sv:type="Name">
    <sv:value>rep:root</sv:value>
  </sv:property>
  <sv:node sv:name="sncb">
    <sv:property sv:name="jcr:primaryType" sv:type="Name">
      <sv:value>mgnl:organism</sv:value>
    </sv:property>
    <sv:property sv:name="jcr:uuid" sv:type="String">
      <sv:value>a1ee40b5-b9dd-4272-bddb-f14fcae4230e</sv:value>
    </sv:property>
    <sv:property sv:name="active" sv:type="Boolean">
      <sv:value>true</sv:value>
    </sv:property>
    <sv:property sv:name="code" sv:type="String">
      <sv:value>SNCB</sv:value>
    </sv:property>
    <sv:property sv:name="jcrName" sv:type="String">
      <sv:value>sncb</sv:value>
    </sv:property>
    <sv:property sv:name="label" sv:type="String">
      <sv:value>SNCB</sv:value>
    </sv:property>
    <sv:property sv:name="mgnl:created" sv:type="Date">
      <sv:value>2022-11-18T14:00:59.407+01:00</sv:value>
    </sv:property>
    <sv:property sv:name="mgnl:createdBy" sv:type="String">
      <sv:value>m509cpas</sv:value>
    </sv:property>
    <sv:property sv:name="mgnl:lastModified" sv:type="Date">
      <sv:value>2022-12-02T15:38:32.825+01:00</sv:value>
    </sv:property>
    <sv:property sv:name="mgnl:lastModifiedBy" sv:type="String">
      <sv:value>m509mren</sv:value>
    </sv:property>
  </sv:node>
  <sv:node sv:name="orpss">
    <sv:property sv:name="jcr:primaryType" sv:type="Name">
      <sv:value>mgnl:organism</sv:value>
    </sv:property>
    <sv:property sv:name="jcr:uuid" sv:type="String">
      <sv:value>629ac20b-a15c-4bc2-8827-39d337fbd3cc</sv:value>
    </sv:property>
    <sv:property sv:name="active" sv:type="Boolean">
      <sv:value>true</sv:value>
    </sv:property>
    <sv:property sv:name="code" sv:type="String">
      <sv:value>ORPSS</sv:value>
    </sv:property>
    <sv:property sv:name="jcrName" sv:type="String">
      <sv:value>orpss</sv:value>
    </sv:property>
    <sv:property sv:name="label" sv:type="String">
      <sv:value>ORPSS</sv:value>
    </sv:property>
    <sv:property sv:name="label_fr" sv:type="String">
      <sv:value>ORPSS</sv:value>
    </sv:property>
    <sv:property sv:name="mgnl:created" sv:type="Date">
      <sv:value>2022-12-02T15:40:02.248+01:00</sv:value>
    </sv:property>
    <sv:property sv:name="mgnl:createdBy" sv:type="String">
      <sv:value>m509mren</sv:value>
    </sv:property>
    <sv:property sv:name="mgnl:lastModified" sv:type="Date">
      <sv:value>2022-12-02T15:40:02.248+01:00</sv:value>
    </sv:property>
    <sv:property sv:name="mgnl:lastModifiedBy" sv:type="String">
      <sv:value>m509mren</sv:value>
    </sv:property>
  </sv:node>
  <sv:node sv:name="ue">
    <sv:property sv:name="jcr:primaryType" sv:type="Name">
      <sv:value>mgnl:organism</sv:value>
    </sv:property>
    <sv:property sv:name="jcr:uuid" sv:type="String">
      <sv:value>6830d3d1-6369-40a1-827b-ac88020c87cc</sv:value>
    </sv:property>
    <sv:property sv:name="active" sv:type="Boolean">
      <sv:value>true</sv:value>
    </sv:property>
    <sv:property sv:name="code" sv:type="String">
      <sv:value>UE</sv:value>
    </sv:property>
    <sv:property sv:name="jcrName" sv:type="String">
      <sv:value>ue</sv:value>
    </sv:property>
    <sv:property sv:name="label" sv:type="String">
      <sv:value>UE</sv:value>
    </sv:property>
    <sv:property sv:name="label_fr" sv:type="String">
      <sv:value>UE</sv:value>
    </sv:property>
    <sv:property sv:name="mgnl:created" sv:type="Date">
      <sv:value>2022-12-02T15:40:49.732+01:00</sv:value>
    </sv:property>
    <sv:property sv:name="mgnl:createdBy" sv:type="String">
      <sv:value>m509mren</sv:value>
    </sv:property>
    <sv:property sv:name="mgnl:lastModified" sv:type="Date">
      <sv:value>2022-12-02T15:40:49.732+01:00</sv:value>
    </sv:property>
    <sv:property sv:name="mgnl:lastModifiedBy" sv:type="String">
      <sv:value>m509mren</sv:value>
    </sv:property>
  </sv:node>
</sv:node>
