<?xml version="1.0" encoding="UTF-8"?>
<sv:node xmlns:sv="http://www.jcp.org/jcr/sv/1.0" xmlns:xsi="http://www.w3.org/2001/XMLSchema-instance" sv:name="jcr:root">
  <sv:property sv:name="jcr:primaryType" sv:type="Name">
    <sv:value>rep:root</sv:value>
  </sv:property>
  <sv:node sv:name="superuser">
    <sv:property sv:name="jcr:primaryType" sv:type="Name">
      <sv:value>mgnl:content</sv:value>
    </sv:property>
    <sv:property sv:name="jcr:uuid" sv:type="String">
      <sv:value>57f156ce-d570-4a99-a404-e943a9632050</sv:value>
    </sv:property>
    <sv:property sv:name="hasAckedPrivacyNotice" sv:type="Boolean">
      <sv:value>true</sv:value>
    </sv:property>
  </sv:node>
  <sv:node sv:name="m526kkis">
    <sv:property sv:name="jcr:primaryType" sv:type="Name">
      <sv:value>mgnl:content</sv:value>
    </sv:property>
    <sv:property sv:name="jcr:uuid" sv:type="String">
      <sv:value>bcc09572-26c3-4d63-b4fa-ff6ca24dc7c2</sv:value>
    </sv:property>
    <sv:property sv:name="hasAckedPrivacyNotice" sv:type="Boolean">
      <sv:value>true</sv:value>
    </sv:property>
  </sv:node>
  <sv:node sv:name="m526lbfl">
    <sv:property sv:name="jcr:primaryType" sv:type="Name">
      <sv:value>mgnl:content</sv:value>
    </sv:property>
    <sv:property sv:name="jcr:uuid" sv:type="String">
      <sv:value>36922097-d888-4482-bc19-24f4d39a80d5</sv:value>
    </sv:property>
    <sv:property sv:name="hasAckedPrivacyNotice" sv:type="Boolean">
      <sv:value>true</sv:value>
    </sv:property>
  </sv:node>
  <sv:node sv:name="m509smun">
    <sv:property sv:name="jcr:primaryType" sv:type="Name">
      <sv:value>mgnl:content</sv:value>
    </sv:property>
    <sv:property sv:name="jcr:uuid" sv:type="String">
      <sv:value>df575a12-bb28-4c59-b6c6-49d5ac3b70c8</sv:value>
    </sv:property>
    <sv:property sv:name="hasAckedPrivacyNotice" sv:type="Boolean">
      <sv:value>true</sv:value>
    </sv:property>
  </sv:node>
  <sv:node sv:name="oa-test-content-editor">
    <sv:property sv:name="jcr:primaryType" sv:type="Name">
      <sv:value>mgnl:content</sv:value>
    </sv:property>
    <sv:property sv:name="jcr:uuid" sv:type="String">
      <sv:value>f5d6c1be-775f-4b41-8b97-101b2c41adae</sv:value>
    </sv:property>
    <sv:property sv:name="hasAckedPrivacyNotice" sv:type="Boolean">
      <sv:value>true</sv:value>
    </sv:property>
  </sv:node>
  <sv:node sv:name="m509mren">
    <sv:property sv:name="jcr:primaryType" sv:type="Name">
      <sv:value>mgnl:content</sv:value>
    </sv:property>
    <sv:property sv:name="jcr:uuid" sv:type="String">
      <sv:value>63f37e96-abc7-4857-ad7f-5f823847062d</sv:value>
    </sv:property>
    <sv:property sv:name="hasAckedPrivacyNotice" sv:type="Boolean">
      <sv:value>true</sv:value>
    </sv:property>
  </sv:node>
  <sv:node sv:name="m526lvun">
    <sv:property sv:name="jcr:primaryType" sv:type="Name">
      <sv:value>mgnl:content</sv:value>
    </sv:property>
    <sv:property sv:name="jcr:uuid" sv:type="String">
      <sv:value>74432dfe-f8a7-48fd-bba6-9e792537705b</sv:value>
    </sv:property>
    <sv:property sv:name="hasAckedPrivacyNotice" sv:type="Boolean">
      <sv:value>true</sv:value>
    </sv:property>
  </sv:node>
  <sv:node sv:name="donald-test">
    <sv:property sv:name="jcr:primaryType" sv:type="Name">
      <sv:value>mgnl:content</sv:value>
    </sv:property>
    <sv:property sv:name="jcr:uuid" sv:type="String">
      <sv:value>43efb711-3047-497b-b8f2-3d863f4bf6c9</sv:value>
    </sv:property>
    <sv:property sv:name="hasAckedPrivacyNotice" sv:type="Boolean">
      <sv:value>true</sv:value>
    </sv:property>
  </sv:node>
  <sv:node sv:name="m509ungn">
    <sv:property sv:name="jcr:primaryType" sv:type="Name">
      <sv:value>mgnl:content</sv:value>
    </sv:property>
    <sv:property sv:name="jcr:uuid" sv:type="String">
      <sv:value>20d5f806-db41-45d4-a176-f23583ec019e</sv:value>
    </sv:property>
    <sv:property sv:name="hasAckedPrivacyNotice" sv:type="Boolean">
      <sv:value>true</sv:value>
    </sv:property>
  </sv:node>
  <sv:node sv:name="m509avok">
    <sv:property sv:name="jcr:primaryType" sv:type="Name">
      <sv:value>mgnl:content</sv:value>
    </sv:property>
    <sv:property sv:name="jcr:uuid" sv:type="String">
      <sv:value>a6f21957-b1db-4deb-ae7b-7dfda81ef5a4</sv:value>
    </sv:property>
    <sv:property sv:name="hasAckedPrivacyNotice" sv:type="Boolean">
      <sv:value>true</sv:value>
    </sv:property>
  </sv:node>
  <sv:node sv:name="m509they">
    <sv:property sv:name="jcr:primaryType" sv:type="Name">
      <sv:value>mgnl:content</sv:value>
    </sv:property>
    <sv:property sv:name="jcr:uuid" sv:type="String">
      <sv:value>1b367422-bd6a-4f36-8829-125774001d14</sv:value>
    </sv:property>
    <sv:property sv:name="hasAckedPrivacyNotice" sv:type="Boolean">
      <sv:value>true</sv:value>
    </sv:property>
  </sv:node>
  <sv:node sv:name="m526cpas">
    <sv:property sv:name="jcr:primaryType" sv:type="Name">
      <sv:value>mgnl:content</sv:value>
    </sv:property>
    <sv:property sv:name="jcr:uuid" sv:type="String">
      <sv:value>e6f57942-9a0b-4e8a-a352-985752bbd0a2</sv:value>
    </sv:property>
    <sv:property sv:name="hasAckedPrivacyNotice" sv:type="Boolean">
      <sv:value>true</sv:value>
    </sv:property>
  </sv:node>
  <sv:node sv:name="m526edeg">
    <sv:property sv:name="jcr:primaryType" sv:type="Name">
      <sv:value>mgnl:content</sv:value>
    </sv:property>
    <sv:property sv:name="jcr:uuid" sv:type="String">
      <sv:value>0546d167-182d-465a-bef3-b686725785f2</sv:value>
    </sv:property>
    <sv:property sv:name="hasAckedPrivacyNotice" sv:type="Boolean">
      <sv:value>true</sv:value>
    </sv:property>
  </sv:node>
  <sv:node sv:name="M526LLLE">
    <sv:property sv:name="jcr:primaryType" sv:type="Name">
      <sv:value>mgnl:content</sv:value>
    </sv:property>
    <sv:property sv:name="jcr:uuid" sv:type="String">
      <sv:value>01aec3ab-086b-4930-878e-1b233c4131fb</sv:value>
    </sv:property>
    <sv:property sv:name="hasAckedPrivacyNotice" sv:type="Boolean">
      <sv:value>true</sv:value>
    </sv:property>
  </sv:node>
  <sv:node sv:name="m509cpas">
    <sv:property sv:name="jcr:primaryType" sv:type="Name">
      <sv:value>mgnl:content</sv:value>
    </sv:property>
    <sv:property sv:name="jcr:uuid" sv:type="String">
      <sv:value>4c7d9e19-28d1-42b4-a35c-98b06cb7768f</sv:value>
    </sv:property>
    <sv:property sv:name="hasAckedPrivacyNotice" sv:type="Boolean">
      <sv:value>true</sv:value>
    </sv:property>
  </sv:node>
  <sv:node sv:name="M526LBFL">
    <sv:property sv:name="jcr:primaryType" sv:type="Name">
      <sv:value>mgnl:content</sv:value>
    </sv:property>
    <sv:property sv:name="jcr:uuid" sv:type="String">
      <sv:value>dac48b51-b7ad-4624-8161-427915e4ea6e</sv:value>
    </sv:property>
    <sv:property sv:name="hasAckedPrivacyNotice" sv:type="Boolean">
      <sv:value>true</sv:value>
    </sv:property>
  </sv:node>
  <sv:node sv:name="M526PHAY">
    <sv:property sv:name="jcr:primaryType" sv:type="Name">
      <sv:value>mgnl:content</sv:value>
    </sv:property>
    <sv:property sv:name="jcr:uuid" sv:type="String">
      <sv:value>761606cd-0d91-4cb5-9838-5403d03d5bf5</sv:value>
    </sv:property>
    <sv:property sv:name="hasAckedPrivacyNotice" sv:type="Boolean">
      <sv:value>true</sv:value>
    </sv:property>
  </sv:node>
  <sv:node sv:name="M526MBSA">
    <sv:property sv:name="jcr:primaryType" sv:type="Name">
      <sv:value>mgnl:content</sv:value>
    </sv:property>
    <sv:property sv:name="jcr:uuid" sv:type="String">
      <sv:value>a23bb521-31e0-4517-9f1c-23dff80bd355</sv:value>
    </sv:property>
    <sv:property sv:name="hasAckedPrivacyNotice" sv:type="Boolean">
      <sv:value>true</sv:value>
    </sv:property>
  </sv:node>
  <sv:node sv:name="M526TTEK">
    <sv:property sv:name="jcr:primaryType" sv:type="Name">
      <sv:value>mgnl:content</sv:value>
    </sv:property>
    <sv:property sv:name="jcr:uuid" sv:type="String">
      <sv:value>7e840b1f-d55f-48a2-8493-d9773bf285e9</sv:value>
    </sv:property>
    <sv:property sv:name="hasAckedPrivacyNotice" sv:type="Boolean">
      <sv:value>true</sv:value>
    </sv:property>
  </sv:node>
  <sv:node sv:name="M509JDVE">
    <sv:property sv:name="jcr:primaryType" sv:type="Name">
      <sv:value>mgnl:content</sv:value>
    </sv:property>
    <sv:property sv:name="jcr:uuid" sv:type="String">
      <sv:value>40351433-15cb-4e7f-94ad-8e5a2e891522</sv:value>
    </sv:property>
    <sv:property sv:name="hasAckedPrivacyNotice" sv:type="Boolean">
      <sv:value>true</sv:value>
    </sv:property>
  </sv:node>
</sv:node>
