<?xml version="1.0" encoding="UTF-8"?>
<sv:node xmlns:sv="http://www.jcp.org/jcr/sv/1.0" xmlns:xsi="http://www.w3.org/2001/XMLSchema-instance" sv:name="jcr:root">
  <sv:property sv:name="jcr:primaryType" sv:type="Name">
    <sv:value>rep:root</sv:value>
  </sv:property>
  <sv:node sv:name="superuser">
    <sv:property sv:name="jcr:primaryType" sv:type="Name">
      <sv:value>mgnl:content</sv:value>
    </sv:property>
    <sv:property sv:name="jcr:uuid" sv:type="String">
      <sv:value>42e31291-0213-4486-86b8-017b8692ebb1</sv:value>
    </sv:property>
    <sv:property sv:name="hasAckedPrivacyNotice" sv:type="Boolean">
      <sv:value>true</sv:value>
    </sv:property>
  </sv:node>
</sv:node>
