<?xml version="1.0" encoding="UTF-8"?>
<sv:node xmlns:sv="http://www.jcp.org/jcr/sv/1.0" xmlns:xsi="http://www.w3.org/2001/XMLSchema-instance" sv:name="jcr:root">
  <sv:property sv:name="jcr:primaryType" sv:type="Name">
    <sv:value>rep:root</sv:value>
  </sv:property>
  <sv:node sv:name="editors">
    <sv:property sv:name="jcr:primaryType" sv:type="Name">
      <sv:value>mgnl:group</sv:value>
    </sv:property>
    <sv:property sv:name="jcr:uuid" sv:type="String">
      <sv:value>5e6895a6-aca3-4fed-9d38-216e3b889f2a</sv:value>
    </sv:property>
    <sv:property sv:name="description" sv:type="String">
      <sv:value>This group was created by the workflow module, and its users registered upon its installation.</sv:value>
    </sv:property>
    <sv:property sv:name="mgnl:activationStatus" sv:type="Boolean">
      <sv:value>true</sv:value>
    </sv:property>
    <sv:property sv:name="mgnl:created" sv:type="Date">
      <sv:value>2006-05-31T10:14:11.659+02:00</sv:value>
    </sv:property>
    <sv:property sv:name="mgnl:lastActivated" sv:type="Date">
      <sv:value>2013-08-28T14:59:30.985+02:00</sv:value>
    </sv:property>
    <sv:property sv:name="mgnl:lastActivatedBy" sv:type="String">
      <sv:value>superuser</sv:value>
    </sv:property>
    <sv:property sv:name="mgnl:lastModified" sv:type="Date">
      <sv:value>2013-08-28T14:20:52.858+02:00</sv:value>
    </sv:property>
    <sv:property sv:name="mgnl:lastModifiedBy" sv:type="String">
      <sv:value>superuser</sv:value>
    </sv:property>
    <sv:property sv:name="mgnl:template" sv:type="String">
      <sv:value/>
    </sv:property>
    <sv:property sv:name="title" sv:type="String">
      <sv:value>Editors (Workflow)</sv:value>
    </sv:property>
    <sv:node sv:name="groups">
      <sv:property sv:name="jcr:primaryType" sv:type="Name">
        <sv:value>mgnl:contentNode</sv:value>
      </sv:property>
      <sv:property sv:name="jcr:uuid" sv:type="String">
        <sv:value>88148a57-a7c2-45d8-b46b-d2152ca20022</sv:value>
      </sv:property>
    </sv:node>
    <sv:node sv:name="roles">
      <sv:property sv:name="jcr:primaryType" sv:type="Name">
        <sv:value>mgnl:contentNode</sv:value>
      </sv:property>
      <sv:property sv:name="jcr:uuid" sv:type="String">
        <sv:value>62a5d0d0-d251-4cc1-9709-b403653a12b4</sv:value>
      </sv:property>
      <sv:property sv:name="0" sv:type="String">
        <sv:value>4fd7ab63-7fff-4a27-b16a-ef727cc6a75d</sv:value>
      </sv:property>
      <sv:property sv:name="1" sv:type="String">
        <sv:value>0913286d-676a-4d6b-8835-e105a1f471b8</sv:value>
      </sv:property>
    </sv:node>
    <sv:node sv:name="acl_usergroups">
      <sv:property sv:name="jcr:primaryType" sv:type="Name">
        <sv:value>mgnl:contentNode</sv:value>
      </sv:property>
      <sv:property sv:name="jcr:uuid" sv:type="String">
        <sv:value>f86f5eb1-e2e7-4cc4-b943-5ceaefb75544</sv:value>
      </sv:property>
      <sv:property sv:name="mgnl:created" sv:type="Date">
        <sv:value>2007-10-12T15:56:43.382+02:00</sv:value>
      </sv:property>
      <sv:node sv:name="0">
        <sv:property sv:name="jcr:primaryType" sv:type="Name">
          <sv:value>mgnl:contentNode</sv:value>
        </sv:property>
        <sv:property sv:name="jcr:uuid" sv:type="String">
          <sv:value>2c75ec1a-6426-42d6-9299-5a9b5c654322</sv:value>
        </sv:property>
        <sv:property sv:name="mgnl:created" sv:type="Date">
          <sv:value>2007-10-12T15:56:43.367+02:00</sv:value>
        </sv:property>
        <sv:property sv:name="path" sv:type="String">
          <sv:value>/editors</sv:value>
        </sv:property>
        <sv:property sv:name="permissions" sv:type="Long">
          <sv:value>8</sv:value>
        </sv:property>
      </sv:node>
    </sv:node>
  </sv:node>
  <sv:node sv:name="publishers">
    <sv:property sv:name="jcr:primaryType" sv:type="Name">
      <sv:value>mgnl:group</sv:value>
    </sv:property>
    <sv:property sv:name="jcr:uuid" sv:type="String">
      <sv:value>14540bfe-4e6f-4920-88d5-534d16156ca3</sv:value>
    </sv:property>
    <sv:property sv:name="description" sv:type="String">
      <sv:value>This group was created by the workflow module, and its users registered upon its installation.</sv:value>
    </sv:property>
    <sv:property sv:name="mgnl:activationStatus" sv:type="Boolean">
      <sv:value>true</sv:value>
    </sv:property>
    <sv:property sv:name="mgnl:created" sv:type="Date">
      <sv:value>2013-08-28T14:38:03.683+02:00</sv:value>
    </sv:property>
    <sv:property sv:name="mgnl:createdBy" sv:type="String">
      <sv:value>superuser</sv:value>
    </sv:property>
    <sv:property sv:name="mgnl:lastActivated" sv:type="Date">
      <sv:value>2013-08-28T14:59:34.045+02:00</sv:value>
    </sv:property>
    <sv:property sv:name="mgnl:lastActivatedBy" sv:type="String">
      <sv:value>superuser</sv:value>
    </sv:property>
    <sv:property sv:name="mgnl:lastModified" sv:type="Date">
      <sv:value>2013-08-28T14:38:03.687+02:00</sv:value>
    </sv:property>
    <sv:property sv:name="mgnl:lastModifiedBy" sv:type="String">
      <sv:value>superuser</sv:value>
    </sv:property>
    <sv:property sv:name="title" sv:type="String">
      <sv:value>Publishers (Workflow)</sv:value>
    </sv:property>
    <sv:node sv:name="groups">
      <sv:property sv:name="jcr:primaryType" sv:type="Name">
        <sv:value>mgnl:contentNode</sv:value>
      </sv:property>
      <sv:property sv:name="jcr:uuid" sv:type="String">
        <sv:value>5c8109e7-0b23-4845-bc3e-df6a04d19269</sv:value>
      </sv:property>
    </sv:node>
    <sv:node sv:name="roles">
      <sv:property sv:name="jcr:primaryType" sv:type="Name">
        <sv:value>mgnl:contentNode</sv:value>
      </sv:property>
      <sv:property sv:name="jcr:uuid" sv:type="String">
        <sv:value>c0467c09-b724-4dc4-ad8d-119ea5476bd5</sv:value>
      </sv:property>
      <sv:property sv:name="0" sv:type="String">
        <sv:value>4fd7ab63-7fff-4a27-b16a-ef727cc6a75d</sv:value>
      </sv:property>
      <sv:property sv:name="1" sv:type="String">
        <sv:value>8cd76b3a-d990-4577-8705-a145cc33920f</sv:value>
      </sv:property>
    </sv:node>
  </sv:node>
  <sv:node sv:name="oa509-content-readonly">
    <sv:property sv:name="jcr:primaryType" sv:type="Name">
      <sv:value>mgnl:group</sv:value>
    </sv:property>
    <sv:property sv:name="jcr:uuid" sv:type="String">
      <sv:value>69f3ab3b-a6d0-404d-aaf0-972cfb5ec6f7</sv:value>
    </sv:property>
    <sv:property sv:name="mgnl:lastModified" sv:type="Date">
      <sv:value>2022-05-17T16:07:01.023+02:00</sv:value>
    </sv:property>
    <sv:property sv:name="mgnl:lastModifiedBy" sv:type="String">
      <sv:value>superuser</sv:value>
    </sv:property>
    <sv:node sv:name="roles">
      <sv:property sv:name="jcr:primaryType" sv:type="Name">
        <sv:value>mgnl:contentNode</sv:value>
      </sv:property>
      <sv:property sv:name="jcr:uuid" sv:type="String">
        <sv:value>b0a4ed3f-50c1-48d6-891c-8bb8d62b1cd1</sv:value>
      </sv:property>
      <sv:property sv:name="0" sv:type="String">
        <sv:value>58b09b4b-a478-4d37-b4b9-25c7124b8fea</sv:value>
      </sv:property>
      <sv:property sv:name="mgnl:created" sv:type="Date">
        <sv:value>2022-05-17T16:07:01.026+02:00</sv:value>
      </sv:property>
      <sv:property sv:name="mgnl:createdBy" sv:type="String">
        <sv:value>superuser</sv:value>
      </sv:property>
      <sv:property sv:name="mgnl:lastModified" sv:type="Date">
        <sv:value>2022-05-17T16:07:01.026+02:00</sv:value>
      </sv:property>
      <sv:property sv:name="mgnl:lastModifiedBy" sv:type="String">
        <sv:value>superuser</sv:value>
      </sv:property>
    </sv:node>
  </sv:node>
  <sv:node sv:name="oa526-content-readonly">
    <sv:property sv:name="jcr:primaryType" sv:type="Name">
      <sv:value>mgnl:group</sv:value>
    </sv:property>
    <sv:property sv:name="jcr:uuid" sv:type="String">
      <sv:value>525b9b66-3d4c-42e6-a7ce-8b9496656941</sv:value>
    </sv:property>
    <sv:property sv:name="mgnl:lastModified" sv:type="Date">
      <sv:value>2022-05-17T16:07:01.040+02:00</sv:value>
    </sv:property>
    <sv:property sv:name="mgnl:lastModifiedBy" sv:type="String">
      <sv:value>superuser</sv:value>
    </sv:property>
    <sv:node sv:name="roles">
      <sv:property sv:name="jcr:primaryType" sv:type="Name">
        <sv:value>mgnl:contentNode</sv:value>
      </sv:property>
      <sv:property sv:name="jcr:uuid" sv:type="String">
        <sv:value>0446fb49-e715-40fe-ba8b-239f8a37afde</sv:value>
      </sv:property>
      <sv:property sv:name="0" sv:type="String">
        <sv:value>ed75675f-3649-4a89-b8be-de8063e94407</sv:value>
      </sv:property>
      <sv:property sv:name="mgnl:created" sv:type="Date">
        <sv:value>2022-05-17T16:07:01.043+02:00</sv:value>
      </sv:property>
      <sv:property sv:name="mgnl:createdBy" sv:type="String">
        <sv:value>superuser</sv:value>
      </sv:property>
      <sv:property sv:name="mgnl:lastModified" sv:type="Date">
        <sv:value>2022-05-17T16:07:01.043+02:00</sv:value>
      </sv:property>
      <sv:property sv:name="mgnl:lastModifiedBy" sv:type="String">
        <sv:value>superuser</sv:value>
      </sv:property>
    </sv:node>
  </sv:node>
  <sv:node sv:name="oa509-product-owners">
    <sv:property sv:name="jcr:primaryType" sv:type="Name">
      <sv:value>mgnl:group</sv:value>
    </sv:property>
    <sv:property sv:name="jcr:uuid" sv:type="String">
      <sv:value>f30c0781-b2e4-4593-aba6-e82a47fd208e</sv:value>
    </sv:property>
    <sv:property sv:name="mgnl:lastModified" sv:type="Date">
      <sv:value>2022-05-17T16:07:04.825+02:00</sv:value>
    </sv:property>
    <sv:property sv:name="mgnl:lastModifiedBy" sv:type="String">
      <sv:value>superuser</sv:value>
    </sv:property>
    <sv:node sv:name="roles">
      <sv:property sv:name="jcr:primaryType" sv:type="Name">
        <sv:value>mgnl:contentNode</sv:value>
      </sv:property>
      <sv:property sv:name="jcr:uuid" sv:type="String">
        <sv:value>1994ba61-c3a5-431e-bcc4-b707fe5942e6</sv:value>
      </sv:property>
      <sv:property sv:name="0" sv:type="String">
        <sv:value>a67d4792-255f-4703-ab29-2a0b7e6c0aae</sv:value>
      </sv:property>
      <sv:property sv:name="mgnl:created" sv:type="Date">
        <sv:value>2022-05-17T16:07:04.827+02:00</sv:value>
      </sv:property>
      <sv:property sv:name="mgnl:createdBy" sv:type="String">
        <sv:value>superuser</sv:value>
      </sv:property>
      <sv:property sv:name="mgnl:lastModified" sv:type="Date">
        <sv:value>2022-05-17T16:07:04.827+02:00</sv:value>
      </sv:property>
      <sv:property sv:name="mgnl:lastModifiedBy" sv:type="String">
        <sv:value>superuser</sv:value>
      </sv:property>
    </sv:node>
  </sv:node>
  <sv:node sv:name="oa509-content-editors">
    <sv:property sv:name="jcr:primaryType" sv:type="Name">
      <sv:value>mgnl:group</sv:value>
    </sv:property>
    <sv:property sv:name="jcr:uuid" sv:type="String">
      <sv:value>5de629f3-5025-4feb-8fd9-b8047cb0e066</sv:value>
    </sv:property>
    <sv:property sv:name="mgnl:lastModified" sv:type="Date">
      <sv:value>2022-05-17T16:07:04.861+02:00</sv:value>
    </sv:property>
    <sv:property sv:name="mgnl:lastModifiedBy" sv:type="String">
      <sv:value>superuser</sv:value>
    </sv:property>
    <sv:node sv:name="roles">
      <sv:property sv:name="jcr:primaryType" sv:type="Name">
        <sv:value>mgnl:contentNode</sv:value>
      </sv:property>
      <sv:property sv:name="jcr:uuid" sv:type="String">
        <sv:value>4d1b4150-8467-4eaa-80f7-98c42e60e892</sv:value>
      </sv:property>
      <sv:property sv:name="0" sv:type="String">
        <sv:value>6b0b1d22-fa93-4c06-ba9e-a6da80fc7802</sv:value>
      </sv:property>
      <sv:property sv:name="mgnl:created" sv:type="Date">
        <sv:value>2022-05-17T16:07:04.863+02:00</sv:value>
      </sv:property>
      <sv:property sv:name="mgnl:createdBy" sv:type="String">
        <sv:value>superuser</sv:value>
      </sv:property>
      <sv:property sv:name="mgnl:lastModified" sv:type="Date">
        <sv:value>2022-05-17T16:07:04.863+02:00</sv:value>
      </sv:property>
      <sv:property sv:name="mgnl:lastModifiedBy" sv:type="String">
        <sv:value>superuser</sv:value>
      </sv:property>
    </sv:node>
  </sv:node>
  <sv:node sv:name="oa526-product-owners">
    <sv:property sv:name="jcr:primaryType" sv:type="Name">
      <sv:value>mgnl:group</sv:value>
    </sv:property>
    <sv:property sv:name="jcr:uuid" sv:type="String">
      <sv:value>0b0d475f-2048-4c5f-9448-673b00aa01c3</sv:value>
    </sv:property>
    <sv:property sv:name="mgnl:lastModified" sv:type="Date">
      <sv:value>2022-05-17T16:07:04.849+02:00</sv:value>
    </sv:property>
    <sv:property sv:name="mgnl:lastModifiedBy" sv:type="String">
      <sv:value>superuser</sv:value>
    </sv:property>
    <sv:node sv:name="roles">
      <sv:property sv:name="jcr:primaryType" sv:type="Name">
        <sv:value>mgnl:contentNode</sv:value>
      </sv:property>
      <sv:property sv:name="jcr:uuid" sv:type="String">
        <sv:value>80fa9acc-a3cd-4e4b-ab2b-95e3231c269d</sv:value>
      </sv:property>
      <sv:property sv:name="0" sv:type="String">
        <sv:value>dd9d81aa-5de7-4d9c-98e2-a9bbafd6ae01</sv:value>
      </sv:property>
      <sv:property sv:name="mgnl:created" sv:type="Date">
        <sv:value>2022-05-17T16:07:04.850+02:00</sv:value>
      </sv:property>
      <sv:property sv:name="mgnl:createdBy" sv:type="String">
        <sv:value>superuser</sv:value>
      </sv:property>
      <sv:property sv:name="mgnl:lastModified" sv:type="Date">
        <sv:value>2022-05-17T16:07:04.850+02:00</sv:value>
      </sv:property>
      <sv:property sv:name="mgnl:lastModifiedBy" sv:type="String">
        <sv:value>superuser</sv:value>
      </sv:property>
    </sv:node>
  </sv:node>
  <sv:node sv:name="oa526-content-editors">
    <sv:property sv:name="jcr:primaryType" sv:type="Name">
      <sv:value>mgnl:group</sv:value>
    </sv:property>
    <sv:property sv:name="jcr:uuid" sv:type="String">
      <sv:value>847b6c95-885e-46d2-aaf9-4534adaa8e44</sv:value>
    </sv:property>
    <sv:property sv:name="mgnl:lastModified" sv:type="Date">
      <sv:value>2022-05-17T16:07:04.874+02:00</sv:value>
    </sv:property>
    <sv:property sv:name="mgnl:lastModifiedBy" sv:type="String">
      <sv:value>superuser</sv:value>
    </sv:property>
    <sv:node sv:name="roles">
      <sv:property sv:name="jcr:primaryType" sv:type="Name">
        <sv:value>mgnl:contentNode</sv:value>
      </sv:property>
      <sv:property sv:name="jcr:uuid" sv:type="String">
        <sv:value>6f638352-433f-4341-972c-cb70f3492f23</sv:value>
      </sv:property>
      <sv:property sv:name="0" sv:type="String">
        <sv:value>059bbe16-6aa0-42ce-bb50-562c26cf7587</sv:value>
      </sv:property>
      <sv:property sv:name="mgnl:created" sv:type="Date">
        <sv:value>2022-05-17T16:07:04.875+02:00</sv:value>
      </sv:property>
      <sv:property sv:name="mgnl:createdBy" sv:type="String">
        <sv:value>superuser</sv:value>
      </sv:property>
      <sv:property sv:name="mgnl:lastModified" sv:type="Date">
        <sv:value>2022-05-17T16:07:04.875+02:00</sv:value>
      </sv:property>
      <sv:property sv:name="mgnl:lastModifiedBy" sv:type="String">
        <sv:value>superuser</sv:value>
      </sv:property>
    </sv:node>
  </sv:node>
</sv:node>
