<?xml version="1.0" encoding="UTF-8"?>
<sv:node xmlns:sv="http://www.jcp.org/jcr/sv/1.0" xmlns:xsi="http://www.w3.org/2001/XMLSchema-instance" sv:name="jcr:root">
  <sv:property sv:name="jcr:primaryType" sv:type="Name">
    <sv:value>rep:root</sv:value>
  </sv:property>
  <sv:node sv:name="system">
    <sv:property sv:name="jcr:primaryType" sv:type="Name">
      <sv:value>mgnl:folder</sv:value>
    </sv:property>
    <sv:property sv:name="jcr:uuid" sv:type="String">
      <sv:value>9a6035e5-818d-44da-86e3-91ea7f128aff</sv:value>
    </sv:property>
    <sv:node sv:name="anonymous">
      <sv:property sv:name="jcr:primaryType" sv:type="Name">
        <sv:value>mgnl:user</sv:value>
      </sv:property>
      <sv:property sv:name="jcr:uuid" sv:type="String">
        <sv:value>2d78094b-8f7e-4c95-8b1d-22e3dc417c34</sv:value>
      </sv:property>
      <sv:property sv:name="email" sv:type="String">
        <sv:value/>
      </sv:property>
      <sv:property sv:name="enabled" sv:type="Boolean">
        <sv:value>true</sv:value>
      </sv:property>
      <sv:property sv:name="jcrName" sv:type="String">
        <sv:value>anonymous</sv:value>
      </sv:property>
      <sv:property sv:name="language" sv:type="String">
        <sv:value>en</sv:value>
      </sv:property>
      <sv:property sv:name="mgnl:activationStatus" sv:type="Boolean">
        <sv:value>true</sv:value>
      </sv:property>
      <sv:property sv:name="mgnl:created" sv:type="Date">
        <sv:value>2006-05-04T17:05:03.710+02:00</sv:value>
      </sv:property>
      <sv:property sv:name="mgnl:lastActivated" sv:type="Date">
        <sv:value>2013-10-21T12:09:21.825+02:00</sv:value>
      </sv:property>
      <sv:property sv:name="mgnl:lastActivatedBy" sv:type="String">
        <sv:value>superuser</sv:value>
      </sv:property>
      <sv:property sv:name="mgnl:lastModified" sv:type="Date">
        <sv:value>2022-10-25T15:17:12.448+02:00</sv:value>
      </sv:property>
      <sv:property sv:name="mgnl:lastModifiedBy" sv:type="String">
        <sv:value>superuser</sv:value>
      </sv:property>
      <sv:property sv:name="mgnl:template" sv:type="String">
        <sv:value/>
      </sv:property>
      <sv:property sv:name="pswd" sv:type="String">
        <sv:value>YW5vbnltb3Vz</sv:value>
      </sv:property>
      <sv:property sv:name="title" sv:type="String">
        <sv:value>anonymous</sv:value>
      </sv:property>
      <sv:node sv:name="groups">
        <sv:property sv:name="jcr:primaryType" sv:type="Name">
          <sv:value>mgnl:contentNode</sv:value>
        </sv:property>
        <sv:property sv:name="jcr:uuid" sv:type="String">
          <sv:value>f0a15b82-9f33-406b-ad22-f3a88324954b</sv:value>
        </sv:property>
        <sv:property sv:name="0" sv:type="String">
          <sv:value>a1ebdf7a-aa95-458e-b4d0-5a486783174f</sv:value>
        </sv:property>
        <sv:property sv:name="00" sv:type="String">
          <sv:value>92ab63ee-f492-4007-9330-a98d3e04910a</sv:value>
        </sv:property>
        <sv:property sv:name="01" sv:type="String">
          <sv:value>69f3ab3b-a6d0-404d-aaf0-972cfb5ec6f7</sv:value>
        </sv:property>
        <sv:property sv:name="02" sv:type="String">
          <sv:value>525b9b66-3d4c-42e6-a7ce-8b9496656941</sv:value>
        </sv:property>
        <sv:property sv:name="mgnl:lastModified" sv:type="Date">
          <sv:value>2022-05-17T16:07:01.084+02:00</sv:value>
        </sv:property>
        <sv:property sv:name="mgnl:lastModifiedBy" sv:type="String">
          <sv:value>superuser</sv:value>
        </sv:property>
      </sv:node>
      <sv:node sv:name="roles">
        <sv:property sv:name="jcr:primaryType" sv:type="Name">
          <sv:value>mgnl:contentNode</sv:value>
        </sv:property>
        <sv:property sv:name="jcr:uuid" sv:type="String">
          <sv:value>0ea2a469-5f64-49e4-a4ab-ef453ca88247</sv:value>
        </sv:property>
        <sv:property sv:name="0" sv:type="String">
          <sv:value>d98728c7-b80f-444d-bfda-b54b28dc240c</sv:value>
        </sv:property>
        <sv:property sv:name="00" sv:type="String">
          <sv:value>67ea4644-207a-4d27-8613-c46a971d9116</sv:value>
        </sv:property>
        <sv:property sv:name="01" sv:type="String">
          <sv:value>a106b4cf-d205-418c-acf3-27263612f5a4</sv:value>
        </sv:property>
        <sv:property sv:name="02" sv:type="String">
          <sv:value>cf760801-f21e-4548-af47-e21cf9c4317a</sv:value>
        </sv:property>
        <sv:property sv:name="03" sv:type="String">
          <sv:value>597b7ed8-48eb-4fb3-ad1b-a4bff00df86e</sv:value>
        </sv:property>
        <sv:property sv:name="04" sv:type="String">
          <sv:value>f00763ee-356d-498b-a143-f011fbab1fbe</sv:value>
        </sv:property>
        <sv:property sv:name="05" sv:type="String">
          <sv:value>1ec4e515-9786-42ff-a2d1-bd5147cf2d77</sv:value>
        </sv:property>
        <sv:property sv:name="mgnl:lastModified" sv:type="Date">
          <sv:value>2022-03-22T16:19:27.542+01:00</sv:value>
        </sv:property>
        <sv:property sv:name="mgnl:lastModifiedBy" sv:type="String">
          <sv:value>superuser</sv:value>
        </sv:property>
      </sv:node>
      <sv:node sv:name="acl_users">
        <sv:property sv:name="jcr:primaryType" sv:type="Name">
          <sv:value>mgnl:contentNode</sv:value>
        </sv:property>
        <sv:property sv:name="jcr:uuid" sv:type="String">
          <sv:value>e5a83182-0a6e-491c-9c44-3b48d64ee8e9</sv:value>
        </sv:property>
        <sv:node sv:name="0">
          <sv:property sv:name="jcr:primaryType" sv:type="Name">
            <sv:value>mgnl:contentNode</sv:value>
          </sv:property>
          <sv:property sv:name="jcr:uuid" sv:type="String">
            <sv:value>3ffbd25c-b20a-4ab0-87c9-03b3c62894f3</sv:value>
          </sv:property>
          <sv:property sv:name="path" sv:type="String">
            <sv:value>/system/anonymous</sv:value>
          </sv:property>
          <sv:property sv:name="permissions" sv:type="Long">
            <sv:value>8</sv:value>
          </sv:property>
        </sv:node>
        <sv:node sv:name="00">
          <sv:property sv:name="jcr:primaryType" sv:type="Name">
            <sv:value>mgnl:contentNode</sv:value>
          </sv:property>
          <sv:property sv:name="jcr:uuid" sv:type="String">
            <sv:value>471624c0-ecb9-4625-8ad7-f4e0fe893ed7</sv:value>
          </sv:property>
          <sv:property sv:name="path" sv:type="String">
            <sv:value>/system/anonymous/email</sv:value>
          </sv:property>
          <sv:property sv:name="permissions" sv:type="Long">
            <sv:value>63</sv:value>
          </sv:property>
        </sv:node>
        <sv:node sv:name="01">
          <sv:property sv:name="jcr:primaryType" sv:type="Name">
            <sv:value>mgnl:contentNode</sv:value>
          </sv:property>
          <sv:property sv:name="jcr:uuid" sv:type="String">
            <sv:value>ec15aade-538d-43dd-8df6-b6b0ecada9da</sv:value>
          </sv:property>
          <sv:property sv:name="path" sv:type="String">
            <sv:value>/system/anonymous/language</sv:value>
          </sv:property>
          <sv:property sv:name="permissions" sv:type="Long">
            <sv:value>63</sv:value>
          </sv:property>
        </sv:node>
        <sv:node sv:name="02">
          <sv:property sv:name="jcr:primaryType" sv:type="Name">
            <sv:value>mgnl:contentNode</sv:value>
          </sv:property>
          <sv:property sv:name="jcr:uuid" sv:type="String">
            <sv:value>f7ce7d48-0f85-4905-b930-6ad26bc06606</sv:value>
          </sv:property>
          <sv:property sv:name="path" sv:type="String">
            <sv:value>/system/anonymous/lastaccess</sv:value>
          </sv:property>
          <sv:property sv:name="permissions" sv:type="Long">
            <sv:value>63</sv:value>
          </sv:property>
        </sv:node>
        <sv:node sv:name="03">
          <sv:property sv:name="jcr:primaryType" sv:type="Name">
            <sv:value>mgnl:contentNode</sv:value>
          </sv:property>
          <sv:property sv:name="jcr:uuid" sv:type="String">
            <sv:value>dfc32913-ea40-4bfc-a6ff-b3d3e5e5a2ba</sv:value>
          </sv:property>
          <sv:property sv:name="path" sv:type="String">
            <sv:value>/system/anonymous/pswd</sv:value>
          </sv:property>
          <sv:property sv:name="permissions" sv:type="Long">
            <sv:value>63</sv:value>
          </sv:property>
        </sv:node>
        <sv:node sv:name="04">
          <sv:property sv:name="jcr:primaryType" sv:type="Name">
            <sv:value>mgnl:contentNode</sv:value>
          </sv:property>
          <sv:property sv:name="jcr:uuid" sv:type="String">
            <sv:value>7babec23-00c9-4309-9e4a-ce5cba78c864</sv:value>
          </sv:property>
          <sv:property sv:name="path" sv:type="String">
            <sv:value>/system/anonymous/title</sv:value>
          </sv:property>
          <sv:property sv:name="permissions" sv:type="Long">
            <sv:value>63</sv:value>
          </sv:property>
        </sv:node>
      </sv:node>
      <sv:node sv:name="acl_config">
        <sv:property sv:name="jcr:primaryType" sv:type="Name">
          <sv:value>mgnl:contentNode</sv:value>
        </sv:property>
        <sv:property sv:name="jcr:uuid" sv:type="String">
          <sv:value>a5d6e9be-2801-45d7-9fec-6730dba28659</sv:value>
        </sv:property>
      </sv:node>
      <sv:node sv:name="acl_userroles">
        <sv:property sv:name="jcr:primaryType" sv:type="Name">
          <sv:value>mgnl:contentNode</sv:value>
        </sv:property>
        <sv:property sv:name="jcr:uuid" sv:type="String">
          <sv:value>6a42a159-5033-4d37-95fc-f55555b4f21b</sv:value>
        </sv:property>
      </sv:node>
    </sv:node>
    <sv:node sv:name="superuser">
      <sv:property sv:name="jcr:primaryType" sv:type="Name">
        <sv:value>mgnl:user</sv:value>
      </sv:property>
      <sv:property sv:name="jcr:uuid" sv:type="String">
        <sv:value>51ae3379-67cf-4994-9e05-f97cb8bc3e4a</sv:value>
      </sv:property>
      <sv:property sv:name="enabled" sv:type="String">
        <sv:value>true</sv:value>
      </sv:property>
      <sv:property sv:name="failedLoginAttempts" sv:type="Long">
        <sv:value>0</sv:value>
      </sv:property>
      <sv:property sv:name="language" sv:type="String">
        <sv:value>en</sv:value>
      </sv:property>
      <sv:property sv:name="lastaccess" sv:type="Date">
        <sv:value>2023-01-06T16:27:34.318+01:00</sv:value>
      </sv:property>
      <sv:property sv:name="mgnl:activationStatus" sv:type="Boolean">
        <sv:value>true</sv:value>
      </sv:property>
      <sv:property sv:name="mgnl:created" sv:type="Date">
        <sv:value>2006-05-04T17:05:03.710+02:00</sv:value>
      </sv:property>
      <sv:property sv:name="mgnl:lastActivated" sv:type="Date">
        <sv:value>2013-10-21T12:09:21.825+02:00</sv:value>
      </sv:property>
      <sv:property sv:name="mgnl:lastActivatedBy" sv:type="String">
        <sv:value>superuser</sv:value>
      </sv:property>
      <sv:property sv:name="mgnl:lastModified" sv:type="Date">
        <sv:value>2023-01-03T13:36:26.061+01:00</sv:value>
      </sv:property>
      <sv:property sv:name="mgnl:lastModifiedBy" sv:type="String">
        <sv:value>System [anonymous]</sv:value>
      </sv:property>
      <sv:property sv:name="mgnl:template" sv:type="String">
        <sv:value/>
      </sv:property>
      <sv:property sv:name="permissionConfig" sv:type="String">
        <sv:value>true</sv:value>
      </sv:property>
      <sv:property sv:name="permissionConfig_SWITCH" sv:type="String">
        <sv:value>true</sv:value>
      </sv:property>
      <sv:property sv:name="permissionRoles" sv:type="String">
        <sv:value>true</sv:value>
      </sv:property>
      <sv:property sv:name="permissionRoles_SWITCH" sv:type="String">
        <sv:value>true</sv:value>
      </sv:property>
      <sv:property sv:name="permissionUsers" sv:type="String">
        <sv:value>true</sv:value>
      </sv:property>
      <sv:property sv:name="permissionUsers_SWITCH" sv:type="String">
        <sv:value>true</sv:value>
      </sv:property>
      <sv:property sv:name="pswd" sv:type="String">
        <sv:value>$2a$12$sFoIaFIU28Kb.foUnoCfPO54uwUeBD3HOenMVRDoGXwb5ZgqHIgg2</sv:value>
      </sv:property>
      <sv:property sv:name="title" sv:type="String">
        <sv:value>superuser</sv:value>
      </sv:property>
      <sv:node sv:name="roles">
        <sv:property sv:name="jcr:primaryType" sv:type="Name">
          <sv:value>mgnl:contentNode</sv:value>
        </sv:property>
        <sv:property sv:name="jcr:uuid" sv:type="String">
          <sv:value>5ac453ed-f807-49d9-84e1-452b22654d38</sv:value>
        </sv:property>
        <sv:property sv:name="0" sv:type="String">
          <sv:value>bc2046da-b3d5-4cf5-9847-c2b6dbe145ff</sv:value>
        </sv:property>
        <sv:property sv:name="00" sv:type="String">
          <sv:value>feb7a52a-1704-41af-99d5-975af8c1357a</sv:value>
        </sv:property>
        <sv:property sv:name="mgnl:created" sv:type="Date">
          <sv:value>2007-10-10T12:04:03.042+02:00</sv:value>
        </sv:property>
        <sv:property sv:name="mgnl:lastModified" sv:type="Date">
          <sv:value>2022-03-22T16:18:49.245+01:00</sv:value>
        </sv:property>
        <sv:property sv:name="mgnl:lastModifiedBy" sv:type="String">
          <sv:value>superuser</sv:value>
        </sv:property>
      </sv:node>
      <sv:node sv:name="acl_users">
        <sv:property sv:name="jcr:primaryType" sv:type="Name">
          <sv:value>mgnl:contentNode</sv:value>
        </sv:property>
        <sv:property sv:name="jcr:uuid" sv:type="String">
          <sv:value>d74b0f0e-f65e-403e-b559-4b33ba22365f</sv:value>
        </sv:property>
        <sv:property sv:name="mgnl:created" sv:type="Date">
          <sv:value>2007-10-10T12:04:03.966+02:00</sv:value>
        </sv:property>
        <sv:node sv:name="0">
          <sv:property sv:name="jcr:primaryType" sv:type="Name">
            <sv:value>mgnl:contentNode</sv:value>
          </sv:property>
          <sv:property sv:name="jcr:uuid" sv:type="String">
            <sv:value>2c323ae8-055a-4987-8480-239227977ffc</sv:value>
          </sv:property>
          <sv:property sv:name="mgnl:created" sv:type="Date">
            <sv:value>2007-10-10T12:04:03.970+02:00</sv:value>
          </sv:property>
          <sv:property sv:name="path" sv:type="String">
            <sv:value>/system/superuser/*</sv:value>
          </sv:property>
          <sv:property sv:name="permissions" sv:type="Long">
            <sv:value>63</sv:value>
          </sv:property>
        </sv:node>
        <sv:node sv:name="00">
          <sv:property sv:name="jcr:primaryType" sv:type="Name">
            <sv:value>mgnl:contentNode</sv:value>
          </sv:property>
          <sv:property sv:name="jcr:uuid" sv:type="String">
            <sv:value>0c099b4a-c6e4-46ea-a5a0-26f8066ad2da</sv:value>
          </sv:property>
          <sv:property sv:name="mgnl:created" sv:type="Date">
            <sv:value>2009-03-30T11:03:43.025+02:00</sv:value>
          </sv:property>
          <sv:property sv:name="path" sv:type="String">
            <sv:value>/system/superuser</sv:value>
          </sv:property>
          <sv:property sv:name="permissions" sv:type="Long">
            <sv:value>8</sv:value>
          </sv:property>
        </sv:node>
      </sv:node>
      <sv:node sv:name="acl_userroles">
        <sv:property sv:name="jcr:primaryType" sv:type="Name">
          <sv:value>mgnl:contentNode</sv:value>
        </sv:property>
        <sv:property sv:name="jcr:uuid" sv:type="String">
          <sv:value>ef79760c-d450-4540-b642-ecbcd916b418</sv:value>
        </sv:property>
        <sv:property sv:name="mgnl:created" sv:type="Date">
          <sv:value>2007-10-10T12:04:03.967+02:00</sv:value>
        </sv:property>
      </sv:node>
      <sv:node sv:name="acl_config">
        <sv:property sv:name="jcr:primaryType" sv:type="Name">
          <sv:value>mgnl:contentNode</sv:value>
        </sv:property>
        <sv:property sv:name="jcr:uuid" sv:type="String">
          <sv:value>f6586259-2ae0-45f3-b775-f2620b32b8d7</sv:value>
        </sv:property>
        <sv:property sv:name="mgnl:created" sv:type="Date">
          <sv:value>2007-10-10T12:04:03.968+02:00</sv:value>
        </sv:property>
      </sv:node>
      <sv:node sv:name="groups">
        <sv:property sv:name="jcr:primaryType" sv:type="Name">
          <sv:value>mgnl:contentNode</sv:value>
        </sv:property>
        <sv:property sv:name="jcr:uuid" sv:type="String">
          <sv:value>c6d4bdce-abf4-431b-b116-4be20cae138a</sv:value>
        </sv:property>
        <sv:property sv:name="0" sv:type="String">
          <sv:value>14540bfe-4e6f-4920-88d5-534d16156ca3</sv:value>
        </sv:property>
        <sv:property sv:name="mgnl:created" sv:type="Date">
          <sv:value>2022-03-22T16:19:07.838+01:00</sv:value>
        </sv:property>
        <sv:property sv:name="mgnl:createdBy" sv:type="String">
          <sv:value>superuser</sv:value>
        </sv:property>
        <sv:property sv:name="mgnl:lastModified" sv:type="Date">
          <sv:value>2022-03-22T16:19:07.838+01:00</sv:value>
        </sv:property>
        <sv:property sv:name="mgnl:lastModifiedBy" sv:type="String">
          <sv:value>superuser</sv:value>
        </sv:property>
      </sv:node>
    </sv:node>
  </sv:node>
  <sv:node sv:name="admin">
    <sv:property sv:name="jcr:primaryType" sv:type="Name">
      <sv:value>mgnl:folder</sv:value>
    </sv:property>
    <sv:property sv:name="jcr:uuid" sv:type="String">
      <sv:value>36e8b9fb-5cc8-4bf6-9322-ef23ab0badd4</sv:value>
    </sv:property>
    <sv:node sv:name="oa526-content-editors">
      <sv:property sv:name="jcr:primaryType" sv:type="Name">
        <sv:value>mgnl:folder</sv:value>
      </sv:property>
      <sv:property sv:name="jcr:uuid" sv:type="String">
        <sv:value>65d77714-7991-41ac-8631-c103f3371dcc</sv:value>
      </sv:property>
      <sv:property sv:name="mgnl:activationStatus" sv:type="Boolean">
        <sv:value>true</sv:value>
      </sv:property>
      <sv:property sv:name="mgnl:created" sv:type="Date">
        <sv:value>2022-03-07T15:04:54.546+01:00</sv:value>
      </sv:property>
      <sv:property sv:name="mgnl:createdBy" sv:type="String">
        <sv:value>superuser</sv:value>
      </sv:property>
      <sv:property sv:name="mgnl:lastActivated" sv:type="Date">
        <sv:value>2022-03-07T15:29:23.199+01:00</sv:value>
      </sv:property>
      <sv:property sv:name="mgnl:lastActivatedBy" sv:type="String">
        <sv:value>superuser</sv:value>
      </sv:property>
      <sv:property sv:name="mgnl:lastModified" sv:type="Date">
        <sv:value>2022-07-11T09:57:06.489+02:00</sv:value>
      </sv:property>
      <sv:property sv:name="mgnl:lastModifiedBy" sv:type="String">
        <sv:value>superuser</sv:value>
      </sv:property>
      <sv:node sv:name="marketing">
        <sv:property sv:name="jcr:primaryType" sv:type="Name">
          <sv:value>mgnl:folder</sv:value>
        </sv:property>
        <sv:property sv:name="jcr:uuid" sv:type="String">
          <sv:value>72df4ee2-330a-416e-a9be-7f3e1aac4b78</sv:value>
        </sv:property>
        <sv:property sv:name="mgnl:activationStatus" sv:type="Boolean">
          <sv:value>true</sv:value>
        </sv:property>
        <sv:property sv:name="mgnl:created" sv:type="Date">
          <sv:value>2022-02-15T02:08:26.177+01:00</sv:value>
        </sv:property>
        <sv:property sv:name="mgnl:createdBy" sv:type="String">
          <sv:value>superuser</sv:value>
        </sv:property>
        <sv:property sv:name="mgnl:lastActivated" sv:type="Date">
          <sv:value>2022-03-07T15:30:19.685+01:00</sv:value>
        </sv:property>
        <sv:property sv:name="mgnl:lastActivatedBy" sv:type="String">
          <sv:value>superuser</sv:value>
        </sv:property>
        <sv:property sv:name="mgnl:lastModified" sv:type="Date">
          <sv:value>2022-06-10T11:30:07.695+02:00</sv:value>
        </sv:property>
        <sv:property sv:name="mgnl:lastModifiedBy" sv:type="String">
          <sv:value>superuser</sv:value>
        </sv:property>
        <sv:node sv:name="M526MBSA">
          <sv:property sv:name="jcr:primaryType" sv:type="Name">
            <sv:value>mgnl:user</sv:value>
          </sv:property>
          <sv:property sv:name="jcr:uuid" sv:type="String">
            <sv:value>c01ce5f7-98be-4c2f-bdde-7ca96c8eef42</sv:value>
          </sv:property>
          <sv:property sv:name="email" sv:type="String">
            <sv:value>Menno.Bosma@helan.be</sv:value>
          </sv:property>
          <sv:property sv:name="enabled" sv:type="Boolean">
            <sv:value>true</sv:value>
          </sv:property>
          <sv:property sv:name="jcrName" sv:type="String">
            <sv:value>M526MBSA</sv:value>
          </sv:property>
          <sv:property sv:name="language" sv:type="String">
            <sv:value>nl</sv:value>
          </sv:property>
          <sv:property sv:name="lastaccess" sv:type="Date">
            <sv:value>2022-11-16T09:53:24.556+01:00</sv:value>
          </sv:property>
          <sv:property sv:name="mgnl:activationStatus" sv:type="Boolean">
            <sv:value>true</sv:value>
          </sv:property>
          <sv:property sv:name="mgnl:created" sv:type="Date">
            <sv:value>2022-02-15T02:16:06.402+01:00</sv:value>
          </sv:property>
          <sv:property sv:name="mgnl:createdBy" sv:type="String">
            <sv:value>superuser</sv:value>
          </sv:property>
          <sv:property sv:name="mgnl:lastActivated" sv:type="Date">
            <sv:value>2022-03-07T15:30:30.274+01:00</sv:value>
          </sv:property>
          <sv:property sv:name="mgnl:lastActivatedBy" sv:type="String">
            <sv:value>superuser</sv:value>
          </sv:property>
          <sv:property sv:name="mgnl:lastModified" sv:type="Date">
            <sv:value>2022-12-12T10:17:52.371+01:00</sv:value>
          </sv:property>
          <sv:property sv:name="mgnl:lastModifiedBy" sv:type="String">
            <sv:value>superuser</sv:value>
          </sv:property>
          <sv:property sv:name="name" sv:type="String">
            <sv:value>M526MBSA</sv:value>
          </sv:property>
          <sv:property sv:name="pswd" sv:type="String">
            <sv:value>$2a$12$LI2cQyNkQeAwFshCrO4j0u9srw4iDUtbP9MjLsRlj0SCIQaSexZTW</sv:value>
          </sv:property>
          <sv:property sv:name="title" sv:type="String">
            <sv:value>Menno Bosma</sv:value>
          </sv:property>
          <sv:node sv:name="acl_users">
            <sv:property sv:name="jcr:primaryType" sv:type="Name">
              <sv:value>mgnl:contentNode</sv:value>
            </sv:property>
            <sv:property sv:name="jcr:uuid" sv:type="String">
              <sv:value>3c83da3c-9a3e-4b39-8413-55af4f7d68b4</sv:value>
            </sv:property>
            <sv:property sv:name="mgnl:activationStatus" sv:type="Boolean">
              <sv:value>true</sv:value>
            </sv:property>
            <sv:property sv:name="mgnl:created" sv:type="Date">
              <sv:value>2022-02-15T02:16:06.916+01:00</sv:value>
            </sv:property>
            <sv:property sv:name="mgnl:createdBy" sv:type="String">
              <sv:value>superuser</sv:value>
            </sv:property>
            <sv:property sv:name="mgnl:lastActivated" sv:type="Date">
              <sv:value>2022-03-07T15:30:30.275+01:00</sv:value>
            </sv:property>
            <sv:property sv:name="mgnl:lastActivatedBy" sv:type="String">
              <sv:value>superuser</sv:value>
            </sv:property>
            <sv:property sv:name="mgnl:lastModified" sv:type="Date">
              <sv:value>2022-11-15T14:13:29.172+01:00</sv:value>
            </sv:property>
            <sv:property sv:name="mgnl:lastModifiedBy" sv:type="String">
              <sv:value>superuser</sv:value>
            </sv:property>
            <sv:node sv:name="0">
              <sv:property sv:name="jcr:primaryType" sv:type="Name">
                <sv:value>mgnl:contentNode</sv:value>
              </sv:property>
              <sv:property sv:name="jcr:uuid" sv:type="String">
                <sv:value>f8865ad1-4f90-4fed-a006-677f383f14a1</sv:value>
              </sv:property>
              <sv:property sv:name="mgnl:activationStatus" sv:type="Boolean">
                <sv:value>true</sv:value>
              </sv:property>
              <sv:property sv:name="mgnl:created" sv:type="Date">
                <sv:value>2022-02-15T02:16:06.917+01:00</sv:value>
              </sv:property>
              <sv:property sv:name="mgnl:createdBy" sv:type="String">
                <sv:value>superuser</sv:value>
              </sv:property>
              <sv:property sv:name="mgnl:lastActivated" sv:type="Date">
                <sv:value>2022-03-07T15:30:30.275+01:00</sv:value>
              </sv:property>
              <sv:property sv:name="mgnl:lastActivatedBy" sv:type="String">
                <sv:value>superuser</sv:value>
              </sv:property>
              <sv:property sv:name="mgnl:lastModified" sv:type="Date">
                <sv:value>2022-11-15T14:13:29.172+01:00</sv:value>
              </sv:property>
              <sv:property sv:name="mgnl:lastModifiedBy" sv:type="String">
                <sv:value>superuser</sv:value>
              </sv:property>
              <sv:property sv:name="path" sv:type="String">
                <sv:value>/admin/oa526-content-editors/marketing/M526MBSA</sv:value>
              </sv:property>
              <sv:property sv:name="permissions" sv:type="Long">
                <sv:value>8</sv:value>
              </sv:property>
            </sv:node>
            <sv:node sv:name="00">
              <sv:property sv:name="jcr:primaryType" sv:type="Name">
                <sv:value>mgnl:contentNode</sv:value>
              </sv:property>
              <sv:property sv:name="jcr:uuid" sv:type="String">
                <sv:value>732b1748-323c-4df9-9a0e-442176c87b68</sv:value>
              </sv:property>
              <sv:property sv:name="mgnl:activationStatus" sv:type="Boolean">
                <sv:value>true</sv:value>
              </sv:property>
              <sv:property sv:name="mgnl:created" sv:type="Date">
                <sv:value>2022-02-15T02:16:06.919+01:00</sv:value>
              </sv:property>
              <sv:property sv:name="mgnl:createdBy" sv:type="String">
                <sv:value>superuser</sv:value>
              </sv:property>
              <sv:property sv:name="mgnl:lastActivated" sv:type="Date">
                <sv:value>2022-03-07T15:30:30.276+01:00</sv:value>
              </sv:property>
              <sv:property sv:name="mgnl:lastActivatedBy" sv:type="String">
                <sv:value>superuser</sv:value>
              </sv:property>
              <sv:property sv:name="mgnl:lastModified" sv:type="Date">
                <sv:value>2022-11-15T14:13:29.172+01:00</sv:value>
              </sv:property>
              <sv:property sv:name="mgnl:lastModifiedBy" sv:type="String">
                <sv:value>superuser</sv:value>
              </sv:property>
              <sv:property sv:name="path" sv:type="String">
                <sv:value>/admin/oa526-content-editors/marketing/M526MBSA/email</sv:value>
              </sv:property>
              <sv:property sv:name="permissions" sv:type="Long">
                <sv:value>63</sv:value>
              </sv:property>
            </sv:node>
            <sv:node sv:name="01">
              <sv:property sv:name="jcr:primaryType" sv:type="Name">
                <sv:value>mgnl:contentNode</sv:value>
              </sv:property>
              <sv:property sv:name="jcr:uuid" sv:type="String">
                <sv:value>d7f2ca6a-3c0c-4968-89ed-53696f8b7e3c</sv:value>
              </sv:property>
              <sv:property sv:name="mgnl:activationStatus" sv:type="Boolean">
                <sv:value>true</sv:value>
              </sv:property>
              <sv:property sv:name="mgnl:created" sv:type="Date">
                <sv:value>2022-02-15T02:16:06.920+01:00</sv:value>
              </sv:property>
              <sv:property sv:name="mgnl:createdBy" sv:type="String">
                <sv:value>superuser</sv:value>
              </sv:property>
              <sv:property sv:name="mgnl:lastActivated" sv:type="Date">
                <sv:value>2022-03-07T15:30:30.277+01:00</sv:value>
              </sv:property>
              <sv:property sv:name="mgnl:lastActivatedBy" sv:type="String">
                <sv:value>superuser</sv:value>
              </sv:property>
              <sv:property sv:name="mgnl:lastModified" sv:type="Date">
                <sv:value>2022-11-15T14:13:29.172+01:00</sv:value>
              </sv:property>
              <sv:property sv:name="mgnl:lastModifiedBy" sv:type="String">
                <sv:value>superuser</sv:value>
              </sv:property>
              <sv:property sv:name="path" sv:type="String">
                <sv:value>/admin/oa526-content-editors/marketing/M526MBSA/language</sv:value>
              </sv:property>
              <sv:property sv:name="permissions" sv:type="Long">
                <sv:value>63</sv:value>
              </sv:property>
            </sv:node>
            <sv:node sv:name="02">
              <sv:property sv:name="jcr:primaryType" sv:type="Name">
                <sv:value>mgnl:contentNode</sv:value>
              </sv:property>
              <sv:property sv:name="jcr:uuid" sv:type="String">
                <sv:value>c01299c1-7f01-40d5-9b94-59026ee08548</sv:value>
              </sv:property>
              <sv:property sv:name="mgnl:activationStatus" sv:type="Boolean">
                <sv:value>true</sv:value>
              </sv:property>
              <sv:property sv:name="mgnl:created" sv:type="Date">
                <sv:value>2022-02-15T02:16:06.922+01:00</sv:value>
              </sv:property>
              <sv:property sv:name="mgnl:createdBy" sv:type="String">
                <sv:value>superuser</sv:value>
              </sv:property>
              <sv:property sv:name="mgnl:lastActivated" sv:type="Date">
                <sv:value>2022-03-07T15:30:30.277+01:00</sv:value>
              </sv:property>
              <sv:property sv:name="mgnl:lastActivatedBy" sv:type="String">
                <sv:value>superuser</sv:value>
              </sv:property>
              <sv:property sv:name="mgnl:lastModified" sv:type="Date">
                <sv:value>2022-11-15T14:13:29.172+01:00</sv:value>
              </sv:property>
              <sv:property sv:name="mgnl:lastModifiedBy" sv:type="String">
                <sv:value>superuser</sv:value>
              </sv:property>
              <sv:property sv:name="path" sv:type="String">
                <sv:value>/admin/oa526-content-editors/marketing/M526MBSA/lastaccess</sv:value>
              </sv:property>
              <sv:property sv:name="permissions" sv:type="Long">
                <sv:value>63</sv:value>
              </sv:property>
            </sv:node>
            <sv:node sv:name="03">
              <sv:property sv:name="jcr:primaryType" sv:type="Name">
                <sv:value>mgnl:contentNode</sv:value>
              </sv:property>
              <sv:property sv:name="jcr:uuid" sv:type="String">
                <sv:value>f5306361-0abc-4a83-af50-5343f4866dc1</sv:value>
              </sv:property>
              <sv:property sv:name="mgnl:activationStatus" sv:type="Boolean">
                <sv:value>true</sv:value>
              </sv:property>
              <sv:property sv:name="mgnl:created" sv:type="Date">
                <sv:value>2022-02-15T02:16:06.923+01:00</sv:value>
              </sv:property>
              <sv:property sv:name="mgnl:createdBy" sv:type="String">
                <sv:value>superuser</sv:value>
              </sv:property>
              <sv:property sv:name="mgnl:lastActivated" sv:type="Date">
                <sv:value>2022-03-07T15:30:30.278+01:00</sv:value>
              </sv:property>
              <sv:property sv:name="mgnl:lastActivatedBy" sv:type="String">
                <sv:value>superuser</sv:value>
              </sv:property>
              <sv:property sv:name="mgnl:lastModified" sv:type="Date">
                <sv:value>2022-11-15T14:13:29.172+01:00</sv:value>
              </sv:property>
              <sv:property sv:name="mgnl:lastModifiedBy" sv:type="String">
                <sv:value>superuser</sv:value>
              </sv:property>
              <sv:property sv:name="path" sv:type="String">
                <sv:value>/admin/oa526-content-editors/marketing/M526MBSA/pswd</sv:value>
              </sv:property>
              <sv:property sv:name="permissions" sv:type="Long">
                <sv:value>63</sv:value>
              </sv:property>
            </sv:node>
            <sv:node sv:name="04">
              <sv:property sv:name="jcr:primaryType" sv:type="Name">
                <sv:value>mgnl:contentNode</sv:value>
              </sv:property>
              <sv:property sv:name="jcr:uuid" sv:type="String">
                <sv:value>93220c62-5337-4f55-b779-133b4ef381c8</sv:value>
              </sv:property>
              <sv:property sv:name="mgnl:activationStatus" sv:type="Boolean">
                <sv:value>true</sv:value>
              </sv:property>
              <sv:property sv:name="mgnl:created" sv:type="Date">
                <sv:value>2022-02-15T02:16:06.925+01:00</sv:value>
              </sv:property>
              <sv:property sv:name="mgnl:createdBy" sv:type="String">
                <sv:value>superuser</sv:value>
              </sv:property>
              <sv:property sv:name="mgnl:lastActivated" sv:type="Date">
                <sv:value>2022-03-07T15:30:30.279+01:00</sv:value>
              </sv:property>
              <sv:property sv:name="mgnl:lastActivatedBy" sv:type="String">
                <sv:value>superuser</sv:value>
              </sv:property>
              <sv:property sv:name="mgnl:lastModified" sv:type="Date">
                <sv:value>2022-11-15T14:13:29.172+01:00</sv:value>
              </sv:property>
              <sv:property sv:name="mgnl:lastModifiedBy" sv:type="String">
                <sv:value>superuser</sv:value>
              </sv:property>
              <sv:property sv:name="path" sv:type="String">
                <sv:value>/admin/oa526-content-editors/marketing/M526MBSA/title</sv:value>
              </sv:property>
              <sv:property sv:name="permissions" sv:type="Long">
                <sv:value>63</sv:value>
              </sv:property>
            </sv:node>
            <sv:node sv:name="05">
              <sv:property sv:name="jcr:primaryType" sv:type="Name">
                <sv:value>mgnl:contentNode</sv:value>
              </sv:property>
              <sv:property sv:name="jcr:uuid" sv:type="String">
                <sv:value>762ed082-6cee-43d2-9cdd-2bb6ce138c4a</sv:value>
              </sv:property>
              <sv:property sv:name="mgnl:activationStatus" sv:type="Boolean">
                <sv:value>true</sv:value>
              </sv:property>
              <sv:property sv:name="mgnl:created" sv:type="Date">
                <sv:value>2022-02-15T02:16:06.927+01:00</sv:value>
              </sv:property>
              <sv:property sv:name="mgnl:createdBy" sv:type="String">
                <sv:value>superuser</sv:value>
              </sv:property>
              <sv:property sv:name="mgnl:lastActivated" sv:type="Date">
                <sv:value>2022-03-07T15:30:30.279+01:00</sv:value>
              </sv:property>
              <sv:property sv:name="mgnl:lastActivatedBy" sv:type="String">
                <sv:value>superuser</sv:value>
              </sv:property>
              <sv:property sv:name="mgnl:lastModified" sv:type="Date">
                <sv:value>2022-11-15T14:13:29.172+01:00</sv:value>
              </sv:property>
              <sv:property sv:name="mgnl:lastModifiedBy" sv:type="String">
                <sv:value>superuser</sv:value>
              </sv:property>
              <sv:property sv:name="path" sv:type="String">
                <sv:value>/admin/oa526-content-editors/marketing/M526MBSA/timezone</sv:value>
              </sv:property>
              <sv:property sv:name="permissions" sv:type="Long">
                <sv:value>63</sv:value>
              </sv:property>
            </sv:node>
            <sv:node sv:name="06">
              <sv:property sv:name="jcr:primaryType" sv:type="Name">
                <sv:value>mgnl:contentNode</sv:value>
              </sv:property>
              <sv:property sv:name="jcr:uuid" sv:type="String">
                <sv:value>c05cdfc2-cbe2-4c9d-bfc0-6eff802d7579</sv:value>
              </sv:property>
              <sv:property sv:name="mgnl:activationStatus" sv:type="Boolean">
                <sv:value>true</sv:value>
              </sv:property>
              <sv:property sv:name="mgnl:created" sv:type="Date">
                <sv:value>2022-02-15T02:16:06.928+01:00</sv:value>
              </sv:property>
              <sv:property sv:name="mgnl:createdBy" sv:type="String">
                <sv:value>superuser</sv:value>
              </sv:property>
              <sv:property sv:name="mgnl:lastActivated" sv:type="Date">
                <sv:value>2022-03-07T15:30:30.280+01:00</sv:value>
              </sv:property>
              <sv:property sv:name="mgnl:lastActivatedBy" sv:type="String">
                <sv:value>superuser</sv:value>
              </sv:property>
              <sv:property sv:name="mgnl:lastModified" sv:type="Date">
                <sv:value>2022-11-15T14:13:29.172+01:00</sv:value>
              </sv:property>
              <sv:property sv:name="mgnl:lastModifiedBy" sv:type="String">
                <sv:value>superuser</sv:value>
              </sv:property>
              <sv:property sv:name="path" sv:type="String">
                <sv:value>/admin/oa526-content-editors/marketing/M526MBSA/homeScreen</sv:value>
              </sv:property>
              <sv:property sv:name="permissions" sv:type="Long">
                <sv:value>63</sv:value>
              </sv:property>
            </sv:node>
          </sv:node>
          <sv:node sv:name="groups">
            <sv:property sv:name="jcr:primaryType" sv:type="Name">
              <sv:value>mgnl:contentNode</sv:value>
            </sv:property>
            <sv:property sv:name="jcr:uuid" sv:type="String">
              <sv:value>1331a5cc-0b4c-403a-bc55-866677b6f36c</sv:value>
            </sv:property>
            <sv:property sv:name="0" sv:type="String">
              <sv:value>be804f35-3db3-44fa-b551-b936a7b5d8b9</sv:value>
            </sv:property>
            <sv:property sv:name="mgnl:created" sv:type="Date">
              <sv:value>2022-05-17T16:26:22.903+02:00</sv:value>
            </sv:property>
            <sv:property sv:name="mgnl:createdBy" sv:type="String">
              <sv:value>superuser</sv:value>
            </sv:property>
            <sv:property sv:name="mgnl:lastModified" sv:type="Date">
              <sv:value>2022-11-15T14:13:29.172+01:00</sv:value>
            </sv:property>
            <sv:property sv:name="mgnl:lastModifiedBy" sv:type="String">
              <sv:value>superuser</sv:value>
            </sv:property>
          </sv:node>
        </sv:node>
        <sv:node sv:name="M526TTEK">
          <sv:property sv:name="jcr:primaryType" sv:type="Name">
            <sv:value>mgnl:user</sv:value>
          </sv:property>
          <sv:property sv:name="jcr:uuid" sv:type="String">
            <sv:value>5ae6d239-5661-4c46-afdb-8350159c5868</sv:value>
          </sv:property>
          <sv:property sv:name="email" sv:type="String">
            <sv:value>Tess.Teerlinck@helan.be</sv:value>
          </sv:property>
          <sv:property sv:name="enabled" sv:type="Boolean">
            <sv:value>true</sv:value>
          </sv:property>
          <sv:property sv:name="jcrName" sv:type="String">
            <sv:value>M526TTEK</sv:value>
          </sv:property>
          <sv:property sv:name="language" sv:type="String">
            <sv:value>nl</sv:value>
          </sv:property>
          <sv:property sv:name="mgnl:created" sv:type="Date">
            <sv:value>2022-12-12T11:54:17.190+01:00</sv:value>
          </sv:property>
          <sv:property sv:name="mgnl:createdBy" sv:type="String">
            <sv:value>superuser</sv:value>
          </sv:property>
          <sv:property sv:name="mgnl:lastModified" sv:type="Date">
            <sv:value>2022-12-12T11:54:17.869+01:00</sv:value>
          </sv:property>
          <sv:property sv:name="mgnl:lastModifiedBy" sv:type="String">
            <sv:value>superuser</sv:value>
          </sv:property>
          <sv:property sv:name="name" sv:type="String">
            <sv:value>M526TTEK</sv:value>
          </sv:property>
          <sv:property sv:name="pswd" sv:type="String">
            <sv:value>$2a$12$p6QDtE3J0Fqs5d4oXLbVH.Z5V1LWd3YijCVGGCIZ0mhAxzRALYtom</sv:value>
          </sv:property>
          <sv:property sv:name="title" sv:type="String">
            <sv:value>Tess Teerlinck </sv:value>
          </sv:property>
          <sv:node sv:name="acl_users">
            <sv:property sv:name="jcr:primaryType" sv:type="Name">
              <sv:value>mgnl:contentNode</sv:value>
            </sv:property>
            <sv:property sv:name="jcr:uuid" sv:type="String">
              <sv:value>bddc8199-a812-4203-903e-57d888725a6e</sv:value>
            </sv:property>
            <sv:property sv:name="mgnl:created" sv:type="Date">
              <sv:value>2022-12-12T11:54:17.650+01:00</sv:value>
            </sv:property>
            <sv:property sv:name="mgnl:createdBy" sv:type="String">
              <sv:value>superuser</sv:value>
            </sv:property>
            <sv:property sv:name="mgnl:lastModified" sv:type="Date">
              <sv:value>2022-12-12T11:54:17.650+01:00</sv:value>
            </sv:property>
            <sv:property sv:name="mgnl:lastModifiedBy" sv:type="String">
              <sv:value>superuser</sv:value>
            </sv:property>
            <sv:node sv:name="0">
              <sv:property sv:name="jcr:primaryType" sv:type="Name">
                <sv:value>mgnl:contentNode</sv:value>
              </sv:property>
              <sv:property sv:name="jcr:uuid" sv:type="String">
                <sv:value>aa483502-c221-46bf-9f47-06cdb4eb980a</sv:value>
              </sv:property>
              <sv:property sv:name="mgnl:created" sv:type="Date">
                <sv:value>2022-12-12T11:54:17.652+01:00</sv:value>
              </sv:property>
              <sv:property sv:name="mgnl:createdBy" sv:type="String">
                <sv:value>superuser</sv:value>
              </sv:property>
              <sv:property sv:name="mgnl:lastModified" sv:type="Date">
                <sv:value>2022-12-12T11:54:17.652+01:00</sv:value>
              </sv:property>
              <sv:property sv:name="mgnl:lastModifiedBy" sv:type="String">
                <sv:value>superuser</sv:value>
              </sv:property>
              <sv:property sv:name="path" sv:type="String">
                <sv:value>/admin/oa526-content-editors/marketing/M526TTEK</sv:value>
              </sv:property>
              <sv:property sv:name="permissions" sv:type="Long">
                <sv:value>8</sv:value>
              </sv:property>
            </sv:node>
            <sv:node sv:name="00">
              <sv:property sv:name="jcr:primaryType" sv:type="Name">
                <sv:value>mgnl:contentNode</sv:value>
              </sv:property>
              <sv:property sv:name="jcr:uuid" sv:type="String">
                <sv:value>ca60f468-398b-4a2b-b6ae-6e005f2701bf</sv:value>
              </sv:property>
              <sv:property sv:name="mgnl:created" sv:type="Date">
                <sv:value>2022-12-12T11:54:17.655+01:00</sv:value>
              </sv:property>
              <sv:property sv:name="mgnl:createdBy" sv:type="String">
                <sv:value>superuser</sv:value>
              </sv:property>
              <sv:property sv:name="mgnl:lastModified" sv:type="Date">
                <sv:value>2022-12-12T11:54:17.655+01:00</sv:value>
              </sv:property>
              <sv:property sv:name="mgnl:lastModifiedBy" sv:type="String">
                <sv:value>superuser</sv:value>
              </sv:property>
              <sv:property sv:name="path" sv:type="String">
                <sv:value>/admin/oa526-content-editors/marketing/M526TTEK/email</sv:value>
              </sv:property>
              <sv:property sv:name="permissions" sv:type="Long">
                <sv:value>63</sv:value>
              </sv:property>
            </sv:node>
            <sv:node sv:name="01">
              <sv:property sv:name="jcr:primaryType" sv:type="Name">
                <sv:value>mgnl:contentNode</sv:value>
              </sv:property>
              <sv:property sv:name="jcr:uuid" sv:type="String">
                <sv:value>ed308ab9-dad4-4087-8011-a3a20092634e</sv:value>
              </sv:property>
              <sv:property sv:name="mgnl:created" sv:type="Date">
                <sv:value>2022-12-12T11:54:17.658+01:00</sv:value>
              </sv:property>
              <sv:property sv:name="mgnl:createdBy" sv:type="String">
                <sv:value>superuser</sv:value>
              </sv:property>
              <sv:property sv:name="mgnl:lastModified" sv:type="Date">
                <sv:value>2022-12-12T11:54:17.658+01:00</sv:value>
              </sv:property>
              <sv:property sv:name="mgnl:lastModifiedBy" sv:type="String">
                <sv:value>superuser</sv:value>
              </sv:property>
              <sv:property sv:name="path" sv:type="String">
                <sv:value>/admin/oa526-content-editors/marketing/M526TTEK/language</sv:value>
              </sv:property>
              <sv:property sv:name="permissions" sv:type="Long">
                <sv:value>63</sv:value>
              </sv:property>
            </sv:node>
            <sv:node sv:name="02">
              <sv:property sv:name="jcr:primaryType" sv:type="Name">
                <sv:value>mgnl:contentNode</sv:value>
              </sv:property>
              <sv:property sv:name="jcr:uuid" sv:type="String">
                <sv:value>bd39fbf8-8c8c-4507-81ad-c45230bae62b</sv:value>
              </sv:property>
              <sv:property sv:name="mgnl:created" sv:type="Date">
                <sv:value>2022-12-12T11:54:17.663+01:00</sv:value>
              </sv:property>
              <sv:property sv:name="mgnl:createdBy" sv:type="String">
                <sv:value>superuser</sv:value>
              </sv:property>
              <sv:property sv:name="mgnl:lastModified" sv:type="Date">
                <sv:value>2022-12-12T11:54:17.663+01:00</sv:value>
              </sv:property>
              <sv:property sv:name="mgnl:lastModifiedBy" sv:type="String">
                <sv:value>superuser</sv:value>
              </sv:property>
              <sv:property sv:name="path" sv:type="String">
                <sv:value>/admin/oa526-content-editors/marketing/M526TTEK/lastaccess</sv:value>
              </sv:property>
              <sv:property sv:name="permissions" sv:type="Long">
                <sv:value>63</sv:value>
              </sv:property>
            </sv:node>
            <sv:node sv:name="03">
              <sv:property sv:name="jcr:primaryType" sv:type="Name">
                <sv:value>mgnl:contentNode</sv:value>
              </sv:property>
              <sv:property sv:name="jcr:uuid" sv:type="String">
                <sv:value>398f7b93-313a-4337-a095-259a98332243</sv:value>
              </sv:property>
              <sv:property sv:name="mgnl:created" sv:type="Date">
                <sv:value>2022-12-12T11:54:17.666+01:00</sv:value>
              </sv:property>
              <sv:property sv:name="mgnl:createdBy" sv:type="String">
                <sv:value>superuser</sv:value>
              </sv:property>
              <sv:property sv:name="mgnl:lastModified" sv:type="Date">
                <sv:value>2022-12-12T11:54:17.666+01:00</sv:value>
              </sv:property>
              <sv:property sv:name="mgnl:lastModifiedBy" sv:type="String">
                <sv:value>superuser</sv:value>
              </sv:property>
              <sv:property sv:name="path" sv:type="String">
                <sv:value>/admin/oa526-content-editors/marketing/M526TTEK/pswd</sv:value>
              </sv:property>
              <sv:property sv:name="permissions" sv:type="Long">
                <sv:value>63</sv:value>
              </sv:property>
            </sv:node>
            <sv:node sv:name="04">
              <sv:property sv:name="jcr:primaryType" sv:type="Name">
                <sv:value>mgnl:contentNode</sv:value>
              </sv:property>
              <sv:property sv:name="jcr:uuid" sv:type="String">
                <sv:value>f8484f00-7a19-4241-9960-7469dc280da8</sv:value>
              </sv:property>
              <sv:property sv:name="mgnl:created" sv:type="Date">
                <sv:value>2022-12-12T11:54:17.670+01:00</sv:value>
              </sv:property>
              <sv:property sv:name="mgnl:createdBy" sv:type="String">
                <sv:value>superuser</sv:value>
              </sv:property>
              <sv:property sv:name="mgnl:lastModified" sv:type="Date">
                <sv:value>2022-12-12T11:54:17.670+01:00</sv:value>
              </sv:property>
              <sv:property sv:name="mgnl:lastModifiedBy" sv:type="String">
                <sv:value>superuser</sv:value>
              </sv:property>
              <sv:property sv:name="path" sv:type="String">
                <sv:value>/admin/oa526-content-editors/marketing/M526TTEK/title</sv:value>
              </sv:property>
              <sv:property sv:name="permissions" sv:type="Long">
                <sv:value>63</sv:value>
              </sv:property>
            </sv:node>
            <sv:node sv:name="05">
              <sv:property sv:name="jcr:primaryType" sv:type="Name">
                <sv:value>mgnl:contentNode</sv:value>
              </sv:property>
              <sv:property sv:name="jcr:uuid" sv:type="String">
                <sv:value>e242f712-66aa-4ec6-8cdf-df6edb90e071</sv:value>
              </sv:property>
              <sv:property sv:name="mgnl:created" sv:type="Date">
                <sv:value>2022-12-12T11:54:17.674+01:00</sv:value>
              </sv:property>
              <sv:property sv:name="mgnl:createdBy" sv:type="String">
                <sv:value>superuser</sv:value>
              </sv:property>
              <sv:property sv:name="mgnl:lastModified" sv:type="Date">
                <sv:value>2022-12-12T11:54:17.674+01:00</sv:value>
              </sv:property>
              <sv:property sv:name="mgnl:lastModifiedBy" sv:type="String">
                <sv:value>superuser</sv:value>
              </sv:property>
              <sv:property sv:name="path" sv:type="String">
                <sv:value>/admin/oa526-content-editors/marketing/M526TTEK/timezone</sv:value>
              </sv:property>
              <sv:property sv:name="permissions" sv:type="Long">
                <sv:value>63</sv:value>
              </sv:property>
            </sv:node>
            <sv:node sv:name="06">
              <sv:property sv:name="jcr:primaryType" sv:type="Name">
                <sv:value>mgnl:contentNode</sv:value>
              </sv:property>
              <sv:property sv:name="jcr:uuid" sv:type="String">
                <sv:value>9c8e5df1-86f4-4049-b73d-bf03dc8ba835</sv:value>
              </sv:property>
              <sv:property sv:name="mgnl:created" sv:type="Date">
                <sv:value>2022-12-12T11:54:17.678+01:00</sv:value>
              </sv:property>
              <sv:property sv:name="mgnl:createdBy" sv:type="String">
                <sv:value>superuser</sv:value>
              </sv:property>
              <sv:property sv:name="mgnl:lastModified" sv:type="Date">
                <sv:value>2022-12-12T11:54:17.678+01:00</sv:value>
              </sv:property>
              <sv:property sv:name="mgnl:lastModifiedBy" sv:type="String">
                <sv:value>superuser</sv:value>
              </sv:property>
              <sv:property sv:name="path" sv:type="String">
                <sv:value>/admin/oa526-content-editors/marketing/M526TTEK/homeScreen</sv:value>
              </sv:property>
              <sv:property sv:name="permissions" sv:type="Long">
                <sv:value>63</sv:value>
              </sv:property>
            </sv:node>
          </sv:node>
          <sv:node sv:name="groups">
            <sv:property sv:name="jcr:primaryType" sv:type="Name">
              <sv:value>mgnl:contentNode</sv:value>
            </sv:property>
            <sv:property sv:name="jcr:uuid" sv:type="String">
              <sv:value>726b3e5f-32ab-48e7-9281-1b9ddc67adf1</sv:value>
            </sv:property>
            <sv:property sv:name="0" sv:type="String">
              <sv:value>be804f35-3db3-44fa-b551-b936a7b5d8b9</sv:value>
            </sv:property>
          </sv:node>
        </sv:node>
      </sv:node>
      <sv:node sv:name="M526LBFL">
        <sv:property sv:name="jcr:primaryType" sv:type="Name">
          <sv:value>mgnl:user</sv:value>
        </sv:property>
        <sv:property sv:name="jcr:uuid" sv:type="String">
          <sv:value>1b0301d1-40ec-4d79-9f45-d57d10c54855</sv:value>
        </sv:property>
        <sv:property sv:name="email" sv:type="String">
          <sv:value>lien.buffel@helan.be</sv:value>
        </sv:property>
        <sv:property sv:name="enabled" sv:type="Boolean">
          <sv:value>true</sv:value>
        </sv:property>
        <sv:property sv:name="jcrName" sv:type="String">
          <sv:value>M526LBFL</sv:value>
        </sv:property>
        <sv:property sv:name="language" sv:type="String">
          <sv:value>nl</sv:value>
        </sv:property>
        <sv:property sv:name="lastaccess" sv:type="Date">
          <sv:value>2022-09-14T13:06:56.821+02:00</sv:value>
        </sv:property>
        <sv:property sv:name="mgnl:created" sv:type="Date">
          <sv:value>2022-09-14T12:52:58.757+02:00</sv:value>
        </sv:property>
        <sv:property sv:name="mgnl:createdBy" sv:type="String">
          <sv:value>System [M526LLLE]</sv:value>
        </sv:property>
        <sv:property sv:name="mgnl:lastModified" sv:type="Date">
          <sv:value>2022-09-14T13:02:32.132+02:00</sv:value>
        </sv:property>
        <sv:property sv:name="mgnl:lastModifiedBy" sv:type="String">
          <sv:value>System [M526LLLE]</sv:value>
        </sv:property>
        <sv:property sv:name="name" sv:type="String">
          <sv:value>M526LBFL</sv:value>
        </sv:property>
        <sv:property sv:name="pswd" sv:type="String">
          <sv:value>$2a$12$RH8uXoFg9FwdO44fsuK4Le0kFyDPAC48CwlGN2YSB8rshLGqqLoJi</sv:value>
        </sv:property>
        <sv:property sv:name="title" sv:type="String">
          <sv:value>Lien Buffel</sv:value>
        </sv:property>
        <sv:node sv:name="acl_users">
          <sv:property sv:name="jcr:primaryType" sv:type="Name">
            <sv:value>mgnl:contentNode</sv:value>
          </sv:property>
          <sv:property sv:name="jcr:uuid" sv:type="String">
            <sv:value>ac2e6d22-8527-4d35-a429-a8946648c972</sv:value>
          </sv:property>
          <sv:property sv:name="mgnl:created" sv:type="Date">
            <sv:value>2022-09-14T12:52:59.331+02:00</sv:value>
          </sv:property>
          <sv:property sv:name="mgnl:createdBy" sv:type="String">
            <sv:value>System [M526LLLE]</sv:value>
          </sv:property>
          <sv:property sv:name="mgnl:lastModified" sv:type="Date">
            <sv:value>2022-09-14T12:52:59.331+02:00</sv:value>
          </sv:property>
          <sv:property sv:name="mgnl:lastModifiedBy" sv:type="String">
            <sv:value>System [M526LLLE]</sv:value>
          </sv:property>
          <sv:node sv:name="0">
            <sv:property sv:name="jcr:primaryType" sv:type="Name">
              <sv:value>mgnl:contentNode</sv:value>
            </sv:property>
            <sv:property sv:name="jcr:uuid" sv:type="String">
              <sv:value>6b76d15a-a58a-4b61-b057-cf6ec811fe33</sv:value>
            </sv:property>
            <sv:property sv:name="mgnl:created" sv:type="Date">
              <sv:value>2022-09-14T12:52:59.335+02:00</sv:value>
            </sv:property>
            <sv:property sv:name="mgnl:createdBy" sv:type="String">
              <sv:value>System [M526LLLE]</sv:value>
            </sv:property>
            <sv:property sv:name="mgnl:lastModified" sv:type="Date">
              <sv:value>2022-09-14T12:52:59.335+02:00</sv:value>
            </sv:property>
            <sv:property sv:name="mgnl:lastModifiedBy" sv:type="String">
              <sv:value>System [M526LLLE]</sv:value>
            </sv:property>
            <sv:property sv:name="path" sv:type="String">
              <sv:value>/admin/oa526-content-editors/M526LBFL</sv:value>
            </sv:property>
            <sv:property sv:name="permissions" sv:type="Long">
              <sv:value>8</sv:value>
            </sv:property>
          </sv:node>
          <sv:node sv:name="00">
            <sv:property sv:name="jcr:primaryType" sv:type="Name">
              <sv:value>mgnl:contentNode</sv:value>
            </sv:property>
            <sv:property sv:name="jcr:uuid" sv:type="String">
              <sv:value>d5004a1c-c549-4126-8d84-90ea5a150aed</sv:value>
            </sv:property>
            <sv:property sv:name="mgnl:created" sv:type="Date">
              <sv:value>2022-09-14T12:52:59.339+02:00</sv:value>
            </sv:property>
            <sv:property sv:name="mgnl:createdBy" sv:type="String">
              <sv:value>System [M526LLLE]</sv:value>
            </sv:property>
            <sv:property sv:name="mgnl:lastModified" sv:type="Date">
              <sv:value>2022-09-14T12:52:59.339+02:00</sv:value>
            </sv:property>
            <sv:property sv:name="mgnl:lastModifiedBy" sv:type="String">
              <sv:value>System [M526LLLE]</sv:value>
            </sv:property>
            <sv:property sv:name="path" sv:type="String">
              <sv:value>/admin/oa526-content-editors/M526LBFL/email</sv:value>
            </sv:property>
            <sv:property sv:name="permissions" sv:type="Long">
              <sv:value>63</sv:value>
            </sv:property>
          </sv:node>
          <sv:node sv:name="01">
            <sv:property sv:name="jcr:primaryType" sv:type="Name">
              <sv:value>mgnl:contentNode</sv:value>
            </sv:property>
            <sv:property sv:name="jcr:uuid" sv:type="String">
              <sv:value>21bf227a-0837-4d57-9ec2-b1607954f337</sv:value>
            </sv:property>
            <sv:property sv:name="mgnl:created" sv:type="Date">
              <sv:value>2022-09-14T12:52:59.345+02:00</sv:value>
            </sv:property>
            <sv:property sv:name="mgnl:createdBy" sv:type="String">
              <sv:value>System [M526LLLE]</sv:value>
            </sv:property>
            <sv:property sv:name="mgnl:lastModified" sv:type="Date">
              <sv:value>2022-09-14T12:52:59.345+02:00</sv:value>
            </sv:property>
            <sv:property sv:name="mgnl:lastModifiedBy" sv:type="String">
              <sv:value>System [M526LLLE]</sv:value>
            </sv:property>
            <sv:property sv:name="path" sv:type="String">
              <sv:value>/admin/oa526-content-editors/M526LBFL/language</sv:value>
            </sv:property>
            <sv:property sv:name="permissions" sv:type="Long">
              <sv:value>63</sv:value>
            </sv:property>
          </sv:node>
          <sv:node sv:name="02">
            <sv:property sv:name="jcr:primaryType" sv:type="Name">
              <sv:value>mgnl:contentNode</sv:value>
            </sv:property>
            <sv:property sv:name="jcr:uuid" sv:type="String">
              <sv:value>feb4e3e7-b7b3-4f6e-8d9a-ba6c34006d41</sv:value>
            </sv:property>
            <sv:property sv:name="mgnl:created" sv:type="Date">
              <sv:value>2022-09-14T12:52:59.349+02:00</sv:value>
            </sv:property>
            <sv:property sv:name="mgnl:createdBy" sv:type="String">
              <sv:value>System [M526LLLE]</sv:value>
            </sv:property>
            <sv:property sv:name="mgnl:lastModified" sv:type="Date">
              <sv:value>2022-09-14T12:52:59.349+02:00</sv:value>
            </sv:property>
            <sv:property sv:name="mgnl:lastModifiedBy" sv:type="String">
              <sv:value>System [M526LLLE]</sv:value>
            </sv:property>
            <sv:property sv:name="path" sv:type="String">
              <sv:value>/admin/oa526-content-editors/M526LBFL/lastaccess</sv:value>
            </sv:property>
            <sv:property sv:name="permissions" sv:type="Long">
              <sv:value>63</sv:value>
            </sv:property>
          </sv:node>
          <sv:node sv:name="03">
            <sv:property sv:name="jcr:primaryType" sv:type="Name">
              <sv:value>mgnl:contentNode</sv:value>
            </sv:property>
            <sv:property sv:name="jcr:uuid" sv:type="String">
              <sv:value>2f20f617-cc76-4ad0-a913-e143bc58d094</sv:value>
            </sv:property>
            <sv:property sv:name="mgnl:created" sv:type="Date">
              <sv:value>2022-09-14T12:52:59.353+02:00</sv:value>
            </sv:property>
            <sv:property sv:name="mgnl:createdBy" sv:type="String">
              <sv:value>System [M526LLLE]</sv:value>
            </sv:property>
            <sv:property sv:name="mgnl:lastModified" sv:type="Date">
              <sv:value>2022-09-14T12:52:59.353+02:00</sv:value>
            </sv:property>
            <sv:property sv:name="mgnl:lastModifiedBy" sv:type="String">
              <sv:value>System [M526LLLE]</sv:value>
            </sv:property>
            <sv:property sv:name="path" sv:type="String">
              <sv:value>/admin/oa526-content-editors/M526LBFL/pswd</sv:value>
            </sv:property>
            <sv:property sv:name="permissions" sv:type="Long">
              <sv:value>63</sv:value>
            </sv:property>
          </sv:node>
          <sv:node sv:name="04">
            <sv:property sv:name="jcr:primaryType" sv:type="Name">
              <sv:value>mgnl:contentNode</sv:value>
            </sv:property>
            <sv:property sv:name="jcr:uuid" sv:type="String">
              <sv:value>94f12091-0f94-420b-84b9-48f633689cd0</sv:value>
            </sv:property>
            <sv:property sv:name="mgnl:created" sv:type="Date">
              <sv:value>2022-09-14T12:52:59.358+02:00</sv:value>
            </sv:property>
            <sv:property sv:name="mgnl:createdBy" sv:type="String">
              <sv:value>System [M526LLLE]</sv:value>
            </sv:property>
            <sv:property sv:name="mgnl:lastModified" sv:type="Date">
              <sv:value>2022-09-14T12:52:59.358+02:00</sv:value>
            </sv:property>
            <sv:property sv:name="mgnl:lastModifiedBy" sv:type="String">
              <sv:value>System [M526LLLE]</sv:value>
            </sv:property>
            <sv:property sv:name="path" sv:type="String">
              <sv:value>/admin/oa526-content-editors/M526LBFL/title</sv:value>
            </sv:property>
            <sv:property sv:name="permissions" sv:type="Long">
              <sv:value>63</sv:value>
            </sv:property>
          </sv:node>
          <sv:node sv:name="05">
            <sv:property sv:name="jcr:primaryType" sv:type="Name">
              <sv:value>mgnl:contentNode</sv:value>
            </sv:property>
            <sv:property sv:name="jcr:uuid" sv:type="String">
              <sv:value>c1e9e54f-4f1e-44bf-929a-9424a2ec59bb</sv:value>
            </sv:property>
            <sv:property sv:name="mgnl:created" sv:type="Date">
              <sv:value>2022-09-14T12:52:59.363+02:00</sv:value>
            </sv:property>
            <sv:property sv:name="mgnl:createdBy" sv:type="String">
              <sv:value>System [M526LLLE]</sv:value>
            </sv:property>
            <sv:property sv:name="mgnl:lastModified" sv:type="Date">
              <sv:value>2022-09-14T12:52:59.363+02:00</sv:value>
            </sv:property>
            <sv:property sv:name="mgnl:lastModifiedBy" sv:type="String">
              <sv:value>System [M526LLLE]</sv:value>
            </sv:property>
            <sv:property sv:name="path" sv:type="String">
              <sv:value>/admin/oa526-content-editors/M526LBFL/timezone</sv:value>
            </sv:property>
            <sv:property sv:name="permissions" sv:type="Long">
              <sv:value>63</sv:value>
            </sv:property>
          </sv:node>
          <sv:node sv:name="06">
            <sv:property sv:name="jcr:primaryType" sv:type="Name">
              <sv:value>mgnl:contentNode</sv:value>
            </sv:property>
            <sv:property sv:name="jcr:uuid" sv:type="String">
              <sv:value>3e559a28-56bd-4dea-a383-e42111d7569a</sv:value>
            </sv:property>
            <sv:property sv:name="mgnl:created" sv:type="Date">
              <sv:value>2022-09-14T12:52:59.369+02:00</sv:value>
            </sv:property>
            <sv:property sv:name="mgnl:createdBy" sv:type="String">
              <sv:value>System [M526LLLE]</sv:value>
            </sv:property>
            <sv:property sv:name="mgnl:lastModified" sv:type="Date">
              <sv:value>2022-09-14T12:52:59.369+02:00</sv:value>
            </sv:property>
            <sv:property sv:name="mgnl:lastModifiedBy" sv:type="String">
              <sv:value>System [M526LLLE]</sv:value>
            </sv:property>
            <sv:property sv:name="path" sv:type="String">
              <sv:value>/admin/oa526-content-editors/M526LBFL/homeScreen</sv:value>
            </sv:property>
            <sv:property sv:name="permissions" sv:type="Long">
              <sv:value>63</sv:value>
            </sv:property>
          </sv:node>
        </sv:node>
        <sv:node sv:name="groups">
          <sv:property sv:name="jcr:primaryType" sv:type="Name">
            <sv:value>mgnl:contentNode</sv:value>
          </sv:property>
          <sv:property sv:name="jcr:uuid" sv:type="String">
            <sv:value>d1a8fd1a-ff47-4499-9bcc-9b74730b188a</sv:value>
          </sv:property>
          <sv:property sv:name="0" sv:type="String">
            <sv:value>be804f35-3db3-44fa-b551-b936a7b5d8b9</sv:value>
          </sv:property>
        </sv:node>
      </sv:node>
    </sv:node>
  </sv:node>
</sv:node>
