<?xml version="1.0" encoding="UTF-8"?>
<sv:node xmlns:sv="http://www.jcp.org/jcr/sv/1.0" xmlns:xsi="http://www.w3.org/2001/XMLSchema-instance" sv:name="jcr:root">
  <sv:property sv:name="jcr:primaryType" sv:type="Name">
    <sv:value>rep:root</sv:value>
  </sv:property>
  <sv:node sv:name="superuser">
    <sv:property sv:name="jcr:primaryType" sv:type="Name">
      <sv:value>mgnl:content</sv:value>
    </sv:property>
    <sv:property sv:name="jcr:uuid" sv:type="String">
      <sv:value>57f156ce-d570-4a99-a404-e943a9632050</sv:value>
    </sv:property>
    <sv:property sv:name="completedIntros" sv:type="String" sv:multiple="true">
      <sv:value>admincentralRedesign</sv:value>
    </sv:property>
    <sv:property sv:name="hasAckedPrivacyNotice" sv:type="Boolean">
      <sv:value>true</sv:value>
    </sv:property>
    <sv:property sv:name="mgnl:lastModified" sv:type="Date">
      <sv:value>2023-02-07T11:38:50.727+01:00</sv:value>
    </sv:property>
    <sv:property sv:name="mgnl:lastModifiedBy" sv:type="String">
      <sv:value>superuser</sv:value>
    </sv:property>
    <sv:node sv:name="userConfig">
      <sv:property sv:name="jcr:primaryType" sv:type="Name">
        <sv:value>mgnl:content</sv:value>
      </sv:property>
      <sv:property sv:name="jcr:uuid" sv:type="String">
        <sv:value>40c34a52-111d-4f94-9ad5-9bd9ab17dedf</sv:value>
      </sv:property>
      <sv:node sv:name="favouriteAppConfig">
        <sv:property sv:name="jcr:primaryType" sv:type="Name">
          <sv:value>mgnl:content</sv:value>
        </sv:property>
        <sv:property sv:name="jcr:uuid" sv:type="String">
          <sv:value>6108b3c2-bcf2-4eda-945a-b396933eb618</sv:value>
        </sv:property>
        <sv:property sv:name="favouriteApps" sv:type="String" sv:multiple="true">
          <sv:value>pages-app</sv:value>
        </sv:property>
      </sv:node>
    </sv:node>
  </sv:node>
  <sv:node sv:name="m526kkis">
    <sv:property sv:name="jcr:primaryType" sv:type="Name">
      <sv:value>mgnl:content</sv:value>
    </sv:property>
    <sv:property sv:name="jcr:uuid" sv:type="String">
      <sv:value>bcc09572-26c3-4d63-b4fa-ff6ca24dc7c2</sv:value>
    </sv:property>
    <sv:property sv:name="hasAckedPrivacyNotice" sv:type="Boolean">
      <sv:value>true</sv:value>
    </sv:property>
  </sv:node>
  <sv:node sv:name="m526lbfl">
    <sv:property sv:name="jcr:primaryType" sv:type="Name">
      <sv:value>mgnl:content</sv:value>
    </sv:property>
    <sv:property sv:name="jcr:uuid" sv:type="String">
      <sv:value>36922097-d888-4482-bc19-24f4d39a80d5</sv:value>
    </sv:property>
    <sv:property sv:name="hasAckedPrivacyNotice" sv:type="Boolean">
      <sv:value>true</sv:value>
    </sv:property>
  </sv:node>
  <sv:node sv:name="m509smun">
    <sv:property sv:name="jcr:primaryType" sv:type="Name">
      <sv:value>mgnl:content</sv:value>
    </sv:property>
    <sv:property sv:name="jcr:uuid" sv:type="String">
      <sv:value>df575a12-bb28-4c59-b6c6-49d5ac3b70c8</sv:value>
    </sv:property>
    <sv:property sv:name="hasAckedPrivacyNotice" sv:type="Boolean">
      <sv:value>true</sv:value>
    </sv:property>
  </sv:node>
  <sv:node sv:name="oa-test-content-editor">
    <sv:property sv:name="jcr:primaryType" sv:type="Name">
      <sv:value>mgnl:content</sv:value>
    </sv:property>
    <sv:property sv:name="jcr:uuid" sv:type="String">
      <sv:value>f5d6c1be-775f-4b41-8b97-101b2c41adae</sv:value>
    </sv:property>
    <sv:property sv:name="hasAckedPrivacyNotice" sv:type="Boolean">
      <sv:value>true</sv:value>
    </sv:property>
  </sv:node>
  <sv:node sv:name="m509mren">
    <sv:property sv:name="jcr:primaryType" sv:type="Name">
      <sv:value>mgnl:content</sv:value>
    </sv:property>
    <sv:property sv:name="jcr:uuid" sv:type="String">
      <sv:value>63f37e96-abc7-4857-ad7f-5f823847062d</sv:value>
    </sv:property>
    <sv:property sv:name="completedIntros" sv:type="String" sv:multiple="true">
      <sv:value>admincentralRedesign</sv:value>
    </sv:property>
    <sv:property sv:name="hasAckedPrivacyNotice" sv:type="Boolean">
      <sv:value>true</sv:value>
    </sv:property>
    <sv:property sv:name="mgnl:lastModified" sv:type="Date">
      <sv:value>2023-02-08T09:09:51.660+01:00</sv:value>
    </sv:property>
    <sv:property sv:name="mgnl:lastModifiedBy" sv:type="String">
      <sv:value>m509mren</sv:value>
    </sv:property>
    <sv:node sv:name="userConfig">
      <sv:property sv:name="jcr:primaryType" sv:type="Name">
        <sv:value>mgnl:content</sv:value>
      </sv:property>
      <sv:property sv:name="jcr:uuid" sv:type="String">
        <sv:value>c123042e-2497-4b00-9ec9-b992fe3190b4</sv:value>
      </sv:property>
      <sv:node sv:name="favouriteAppConfig">
        <sv:property sv:name="jcr:primaryType" sv:type="Name">
          <sv:value>mgnl:content</sv:value>
        </sv:property>
        <sv:property sv:name="jcr:uuid" sv:type="String">
          <sv:value>d8dae9e8-4424-4426-8aae-ffab505e4979</sv:value>
        </sv:property>
        <sv:property sv:name="favouriteApps" sv:type="String" sv:multiple="true">
          <sv:value>pages-app</sv:value>
        </sv:property>
      </sv:node>
    </sv:node>
  </sv:node>
  <sv:node sv:name="m526lvun">
    <sv:property sv:name="jcr:primaryType" sv:type="Name">
      <sv:value>mgnl:content</sv:value>
    </sv:property>
    <sv:property sv:name="jcr:uuid" sv:type="String">
      <sv:value>74432dfe-f8a7-48fd-bba6-9e792537705b</sv:value>
    </sv:property>
    <sv:property sv:name="completedIntros" sv:type="String" sv:multiple="true">
      <sv:value>admincentralRedesign</sv:value>
    </sv:property>
    <sv:property sv:name="hasAckedPrivacyNotice" sv:type="Boolean">
      <sv:value>true</sv:value>
    </sv:property>
    <sv:property sv:name="mgnl:lastModified" sv:type="Date">
      <sv:value>2023-02-07T10:02:48.054+01:00</sv:value>
    </sv:property>
    <sv:property sv:name="mgnl:lastModifiedBy" sv:type="String">
      <sv:value>m526lvun</sv:value>
    </sv:property>
    <sv:node sv:name="userConfig">
      <sv:property sv:name="jcr:primaryType" sv:type="Name">
        <sv:value>mgnl:content</sv:value>
      </sv:property>
      <sv:property sv:name="jcr:uuid" sv:type="String">
        <sv:value>f8154dcf-731c-4e9b-a02a-6c1aad8f5752</sv:value>
      </sv:property>
      <sv:node sv:name="favouriteAppConfig">
        <sv:property sv:name="jcr:primaryType" sv:type="Name">
          <sv:value>mgnl:content</sv:value>
        </sv:property>
        <sv:property sv:name="jcr:uuid" sv:type="String">
          <sv:value>a1114861-ad20-45bd-aa11-4a80c37194f3</sv:value>
        </sv:property>
        <sv:property sv:name="favouriteApps" sv:type="String" sv:multiple="true">
          <sv:value>pages-app</sv:value>
        </sv:property>
      </sv:node>
    </sv:node>
  </sv:node>
  <sv:node sv:name="donald-test">
    <sv:property sv:name="jcr:primaryType" sv:type="Name">
      <sv:value>mgnl:content</sv:value>
    </sv:property>
    <sv:property sv:name="jcr:uuid" sv:type="String">
      <sv:value>43efb711-3047-497b-b8f2-3d863f4bf6c9</sv:value>
    </sv:property>
    <sv:property sv:name="hasAckedPrivacyNotice" sv:type="Boolean">
      <sv:value>true</sv:value>
    </sv:property>
  </sv:node>
  <sv:node sv:name="m509ungn">
    <sv:property sv:name="jcr:primaryType" sv:type="Name">
      <sv:value>mgnl:content</sv:value>
    </sv:property>
    <sv:property sv:name="jcr:uuid" sv:type="String">
      <sv:value>20d5f806-db41-45d4-a176-f23583ec019e</sv:value>
    </sv:property>
    <sv:property sv:name="completedIntros" sv:type="String" sv:multiple="true">
      <sv:value>admincentralRedesign</sv:value>
    </sv:property>
    <sv:property sv:name="hasAckedPrivacyNotice" sv:type="Boolean">
      <sv:value>true</sv:value>
    </sv:property>
    <sv:property sv:name="mgnl:lastModified" sv:type="Date">
      <sv:value>2023-02-07T14:27:17.567+01:00</sv:value>
    </sv:property>
    <sv:property sv:name="mgnl:lastModifiedBy" sv:type="String">
      <sv:value>m509ungn</sv:value>
    </sv:property>
    <sv:node sv:name="userConfig">
      <sv:property sv:name="jcr:primaryType" sv:type="Name">
        <sv:value>mgnl:content</sv:value>
      </sv:property>
      <sv:property sv:name="jcr:uuid" sv:type="String">
        <sv:value>441c69ba-6f7e-415c-8f0f-ae33ac8bfc13</sv:value>
      </sv:property>
      <sv:node sv:name="favouriteAppConfig">
        <sv:property sv:name="jcr:primaryType" sv:type="Name">
          <sv:value>mgnl:content</sv:value>
        </sv:property>
        <sv:property sv:name="jcr:uuid" sv:type="String">
          <sv:value>58a4c35e-03c9-436f-87e6-3c92b271e331</sv:value>
        </sv:property>
        <sv:property sv:name="favouriteApps" sv:type="String" sv:multiple="true">
          <sv:value>pages-app</sv:value>
        </sv:property>
      </sv:node>
    </sv:node>
  </sv:node>
  <sv:node sv:name="m509avok">
    <sv:property sv:name="jcr:primaryType" sv:type="Name">
      <sv:value>mgnl:content</sv:value>
    </sv:property>
    <sv:property sv:name="jcr:uuid" sv:type="String">
      <sv:value>a6f21957-b1db-4deb-ae7b-7dfda81ef5a4</sv:value>
    </sv:property>
    <sv:property sv:name="hasAckedPrivacyNotice" sv:type="Boolean">
      <sv:value>true</sv:value>
    </sv:property>
  </sv:node>
  <sv:node sv:name="m509they">
    <sv:property sv:name="jcr:primaryType" sv:type="Name">
      <sv:value>mgnl:content</sv:value>
    </sv:property>
    <sv:property sv:name="jcr:uuid" sv:type="String">
      <sv:value>1b367422-bd6a-4f36-8829-125774001d14</sv:value>
    </sv:property>
    <sv:property sv:name="completedIntros" sv:type="String" sv:multiple="true">
      <sv:value>admincentralRedesign</sv:value>
    </sv:property>
    <sv:property sv:name="hasAckedPrivacyNotice" sv:type="Boolean">
      <sv:value>true</sv:value>
    </sv:property>
    <sv:property sv:name="mgnl:lastModified" sv:type="Date">
      <sv:value>2023-02-14T09:57:03.940+01:00</sv:value>
    </sv:property>
    <sv:property sv:name="mgnl:lastModifiedBy" sv:type="String">
      <sv:value>m509they</sv:value>
    </sv:property>
    <sv:node sv:name="userConfig">
      <sv:property sv:name="jcr:primaryType" sv:type="Name">
        <sv:value>mgnl:content</sv:value>
      </sv:property>
      <sv:property sv:name="jcr:uuid" sv:type="String">
        <sv:value>a6af4dc4-c641-4deb-8841-3d949cb7a604</sv:value>
      </sv:property>
      <sv:node sv:name="favouriteAppConfig">
        <sv:property sv:name="jcr:primaryType" sv:type="Name">
          <sv:value>mgnl:content</sv:value>
        </sv:property>
        <sv:property sv:name="jcr:uuid" sv:type="String">
          <sv:value>5be93784-e39e-4c0e-ad31-ca847a4f5172</sv:value>
        </sv:property>
        <sv:property sv:name="favouriteApps" sv:type="String" sv:multiple="true">
          <sv:value>pages-app</sv:value>
          <sv:value>concepts-app</sv:value>
        </sv:property>
        <sv:property sv:name="mgnl:lastModified" sv:type="Date">
          <sv:value>2023-02-14T09:57:03.940+01:00</sv:value>
        </sv:property>
        <sv:property sv:name="mgnl:lastModifiedBy" sv:type="String">
          <sv:value>m509they</sv:value>
        </sv:property>
      </sv:node>
    </sv:node>
  </sv:node>
  <sv:node sv:name="m526cpas">
    <sv:property sv:name="jcr:primaryType" sv:type="Name">
      <sv:value>mgnl:content</sv:value>
    </sv:property>
    <sv:property sv:name="jcr:uuid" sv:type="String">
      <sv:value>e6f57942-9a0b-4e8a-a352-985752bbd0a2</sv:value>
    </sv:property>
    <sv:property sv:name="hasAckedPrivacyNotice" sv:type="Boolean">
      <sv:value>true</sv:value>
    </sv:property>
  </sv:node>
  <sv:node sv:name="m526edeg">
    <sv:property sv:name="jcr:primaryType" sv:type="Name">
      <sv:value>mgnl:content</sv:value>
    </sv:property>
    <sv:property sv:name="jcr:uuid" sv:type="String">
      <sv:value>0546d167-182d-465a-bef3-b686725785f2</sv:value>
    </sv:property>
    <sv:property sv:name="hasAckedPrivacyNotice" sv:type="Boolean">
      <sv:value>true</sv:value>
    </sv:property>
  </sv:node>
  <sv:node sv:name="M526LLLE">
    <sv:property sv:name="jcr:primaryType" sv:type="Name">
      <sv:value>mgnl:content</sv:value>
    </sv:property>
    <sv:property sv:name="jcr:uuid" sv:type="String">
      <sv:value>01aec3ab-086b-4930-878e-1b233c4131fb</sv:value>
    </sv:property>
    <sv:property sv:name="hasAckedPrivacyNotice" sv:type="Boolean">
      <sv:value>true</sv:value>
    </sv:property>
  </sv:node>
  <sv:node sv:name="m509cpas">
    <sv:property sv:name="jcr:primaryType" sv:type="Name">
      <sv:value>mgnl:content</sv:value>
    </sv:property>
    <sv:property sv:name="jcr:uuid" sv:type="String">
      <sv:value>4c7d9e19-28d1-42b4-a35c-98b06cb7768f</sv:value>
    </sv:property>
    <sv:property sv:name="hasAckedPrivacyNotice" sv:type="Boolean">
      <sv:value>true</sv:value>
    </sv:property>
  </sv:node>
  <sv:node sv:name="M526LBFL">
    <sv:property sv:name="jcr:primaryType" sv:type="Name">
      <sv:value>mgnl:content</sv:value>
    </sv:property>
    <sv:property sv:name="jcr:uuid" sv:type="String">
      <sv:value>dac48b51-b7ad-4624-8161-427915e4ea6e</sv:value>
    </sv:property>
    <sv:property sv:name="completedIntros" sv:type="String" sv:multiple="true">
      <sv:value>admincentralRedesign</sv:value>
    </sv:property>
    <sv:property sv:name="hasAckedPrivacyNotice" sv:type="Boolean">
      <sv:value>true</sv:value>
    </sv:property>
    <sv:property sv:name="mgnl:lastModified" sv:type="Date">
      <sv:value>2023-02-09T17:26:56.200+01:00</sv:value>
    </sv:property>
    <sv:property sv:name="mgnl:lastModifiedBy" sv:type="String">
      <sv:value>M526LBFL</sv:value>
    </sv:property>
    <sv:node sv:name="userConfig">
      <sv:property sv:name="jcr:primaryType" sv:type="Name">
        <sv:value>mgnl:content</sv:value>
      </sv:property>
      <sv:property sv:name="jcr:uuid" sv:type="String">
        <sv:value>4274a1d0-5c1d-4b48-9889-147781d1c07c</sv:value>
      </sv:property>
      <sv:node sv:name="favouriteAppConfig">
        <sv:property sv:name="jcr:primaryType" sv:type="Name">
          <sv:value>mgnl:content</sv:value>
        </sv:property>
        <sv:property sv:name="jcr:uuid" sv:type="String">
          <sv:value>9a358d00-6b75-4229-948d-b0da45b0fc71</sv:value>
        </sv:property>
        <sv:property sv:name="favouriteApps" sv:type="String" sv:multiple="true">
          <sv:value>pages-app</sv:value>
        </sv:property>
      </sv:node>
    </sv:node>
  </sv:node>
  <sv:node sv:name="M526PHAY">
    <sv:property sv:name="jcr:primaryType" sv:type="Name">
      <sv:value>mgnl:content</sv:value>
    </sv:property>
    <sv:property sv:name="jcr:uuid" sv:type="String">
      <sv:value>761606cd-0d91-4cb5-9838-5403d03d5bf5</sv:value>
    </sv:property>
    <sv:property sv:name="hasAckedPrivacyNotice" sv:type="Boolean">
      <sv:value>true</sv:value>
    </sv:property>
  </sv:node>
  <sv:node sv:name="M526MBSA">
    <sv:property sv:name="jcr:primaryType" sv:type="Name">
      <sv:value>mgnl:content</sv:value>
    </sv:property>
    <sv:property sv:name="jcr:uuid" sv:type="String">
      <sv:value>a23bb521-31e0-4517-9f1c-23dff80bd355</sv:value>
    </sv:property>
    <sv:property sv:name="completedIntros" sv:type="String" sv:multiple="true">
      <sv:value>admincentralRedesign</sv:value>
    </sv:property>
    <sv:property sv:name="hasAckedPrivacyNotice" sv:type="Boolean">
      <sv:value>true</sv:value>
    </sv:property>
    <sv:property sv:name="mgnl:lastModified" sv:type="Date">
      <sv:value>2023-02-07T10:04:24.112+01:00</sv:value>
    </sv:property>
    <sv:property sv:name="mgnl:lastModifiedBy" sv:type="String">
      <sv:value>M526MBSA</sv:value>
    </sv:property>
    <sv:node sv:name="userConfig">
      <sv:property sv:name="jcr:primaryType" sv:type="Name">
        <sv:value>mgnl:content</sv:value>
      </sv:property>
      <sv:property sv:name="jcr:uuid" sv:type="String">
        <sv:value>dd5d9d54-b9bc-4d6d-a56f-e77b3a9f3d80</sv:value>
      </sv:property>
      <sv:node sv:name="favouriteAppConfig">
        <sv:property sv:name="jcr:primaryType" sv:type="Name">
          <sv:value>mgnl:content</sv:value>
        </sv:property>
        <sv:property sv:name="jcr:uuid" sv:type="String">
          <sv:value>cf7cd033-21ad-4456-b5cd-9cc30e620479</sv:value>
        </sv:property>
        <sv:property sv:name="favouriteApps" sv:type="String" sv:multiple="true">
          <sv:value>pages-app</sv:value>
        </sv:property>
      </sv:node>
    </sv:node>
  </sv:node>
  <sv:node sv:name="M526TTEK">
    <sv:property sv:name="jcr:primaryType" sv:type="Name">
      <sv:value>mgnl:content</sv:value>
    </sv:property>
    <sv:property sv:name="jcr:uuid" sv:type="String">
      <sv:value>7e840b1f-d55f-48a2-8493-d9773bf285e9</sv:value>
    </sv:property>
    <sv:property sv:name="hasAckedPrivacyNotice" sv:type="Boolean">
      <sv:value>true</sv:value>
    </sv:property>
  </sv:node>
  <sv:node sv:name="M509JDVE">
    <sv:property sv:name="jcr:primaryType" sv:type="Name">
      <sv:value>mgnl:content</sv:value>
    </sv:property>
    <sv:property sv:name="jcr:uuid" sv:type="String">
      <sv:value>40351433-15cb-4e7f-94ad-8e5a2e891522</sv:value>
    </sv:property>
    <sv:property sv:name="completedIntros" sv:type="String" sv:multiple="true">
      <sv:value>admincentralRedesign</sv:value>
    </sv:property>
    <sv:property sv:name="hasAckedPrivacyNotice" sv:type="Boolean">
      <sv:value>true</sv:value>
    </sv:property>
    <sv:property sv:name="mgnl:lastModified" sv:type="Date">
      <sv:value>2023-02-16T11:44:24.870+01:00</sv:value>
    </sv:property>
    <sv:property sv:name="mgnl:lastModifiedBy" sv:type="String">
      <sv:value>M509JDVE</sv:value>
    </sv:property>
    <sv:node sv:name="userConfig">
      <sv:property sv:name="jcr:primaryType" sv:type="Name">
        <sv:value>mgnl:content</sv:value>
      </sv:property>
      <sv:property sv:name="jcr:uuid" sv:type="String">
        <sv:value>91234526-b2b1-4c24-b8ae-313b676b8df2</sv:value>
      </sv:property>
      <sv:node sv:name="favouriteAppConfig">
        <sv:property sv:name="jcr:primaryType" sv:type="Name">
          <sv:value>mgnl:content</sv:value>
        </sv:property>
        <sv:property sv:name="jcr:uuid" sv:type="String">
          <sv:value>4c05ab21-3c99-445b-a24e-af06ed9aef9b</sv:value>
        </sv:property>
        <sv:property sv:name="favouriteApps" sv:type="String" sv:multiple="true">
          <sv:value>pages-app</sv:value>
        </sv:property>
      </sv:node>
    </sv:node>
  </sv:node>
  <sv:node sv:name="M526SBES">
    <sv:property sv:name="jcr:primaryType" sv:type="Name">
      <sv:value>mgnl:content</sv:value>
    </sv:property>
    <sv:property sv:name="jcr:uuid" sv:type="String">
      <sv:value>b307debe-09c5-456a-b944-fd8daa71c60d</sv:value>
    </sv:property>
    <sv:property sv:name="hasAckedPrivacyNotice" sv:type="Boolean">
      <sv:value>true</sv:value>
    </sv:property>
  </sv:node>
  <sv:node sv:name="M509KDLR">
    <sv:property sv:name="jcr:primaryType" sv:type="Name">
      <sv:value>mgnl:content</sv:value>
    </sv:property>
    <sv:property sv:name="jcr:uuid" sv:type="String">
      <sv:value>388e872e-1978-44c8-83ee-8bac21444191</sv:value>
    </sv:property>
    <sv:property sv:name="hasAckedPrivacyNotice" sv:type="Boolean">
      <sv:value>true</sv:value>
    </sv:property>
  </sv:node>
  <sv:node sv:name="m509kdlr">
    <sv:property sv:name="jcr:primaryType" sv:type="Name">
      <sv:value>mgnl:content</sv:value>
    </sv:property>
    <sv:property sv:name="jcr:uuid" sv:type="String">
      <sv:value>83b48dd2-b0f4-4f17-a419-a57a5cae7e96</sv:value>
    </sv:property>
    <sv:property sv:name="completedIntros" sv:type="String" sv:multiple="true">
      <sv:value>admincentralRedesign</sv:value>
    </sv:property>
    <sv:property sv:name="hasAckedPrivacyNotice" sv:type="Boolean">
      <sv:value>true</sv:value>
    </sv:property>
    <sv:property sv:name="mgnl:lastModified" sv:type="Date">
      <sv:value>2023-02-06T13:43:22.074+01:00</sv:value>
    </sv:property>
    <sv:property sv:name="mgnl:lastModifiedBy" sv:type="String">
      <sv:value>m509kdlr</sv:value>
    </sv:property>
    <sv:node sv:name="userConfig">
      <sv:property sv:name="jcr:primaryType" sv:type="Name">
        <sv:value>mgnl:content</sv:value>
      </sv:property>
      <sv:property sv:name="jcr:uuid" sv:type="String">
        <sv:value>21e75715-d2ab-4235-a17d-d6ba09114a06</sv:value>
      </sv:property>
      <sv:node sv:name="favouriteAppConfig">
        <sv:property sv:name="jcr:primaryType" sv:type="Name">
          <sv:value>mgnl:content</sv:value>
        </sv:property>
        <sv:property sv:name="jcr:uuid" sv:type="String">
          <sv:value>4543f77d-6ba2-45f1-9031-48c7e455b8f1</sv:value>
        </sv:property>
        <sv:property sv:name="favouriteApps" sv:type="String" sv:multiple="true">
          <sv:value>pages-app</sv:value>
        </sv:property>
      </sv:node>
    </sv:node>
  </sv:node>
</sv:node>
